TransactionID,BuyerID,SellerID,Amount(INR),Date
1,5YBE,JJK4,330020,2022-03-23
2,IWJK,CRZR,691314,2022-03-19
3,GXK9,A23Q,862955,2022-03-10
4,T44H,JG7U,664447,2022-02-10
5,7F4J,2LS2,646411,2022-01-29
6,XS9U,VI8J,446984,2022-01-12
7,YPAH,ABCA,683769,2022-03-04
8,BLHF,WSEA,904962,2022-01-07
9,C27Q,LAV3,643706,2022-01-12
10,BQL2,VLQJ,234143,2022-01-07
11,5QVK,CCLQ,686574,2022-01-18
12,VZGH,WVWH,944187,2022-03-29
13,FKBT,YUZ6,923082,2022-03-03
14,Y2CV,A1D4,144245,2022-01-03
15,PZ82,JE8M,749317,2022-01-24
16,26G1,GPN3,379952,2022-02-01
17,OODT,HQZC,239959,2022-02-11
18,SP8Z,FBQJ,240132,2022-01-22
19,764U,B9H6,830898,2022-02-20
20,VYQ9,Z3QY,371066,2022-03-04
21,G3N4,ZSTU,268489,2022-01-23
22,ZNNY,8MAY,901466,2022-02-01
23,6PGJ,WRPV,143282,2022-01-27
24,9EQD,MZD1,357349,2022-03-14
25,6DXO,SF48,594295,2022-01-26
26,OHTQ,J91G,660979,2022-03-01
27,MDQS,0XR1,421961,2022-03-17
28,5JNJ,U8DR,41476,2022-03-11
29,KYXE,FPTZ,548024,2022-02-28
30,0R3M,QW1E,367735,2022-02-18
31,J6SE,4U24,420960,2022-02-25
32,AVTE,VD77,285576,2022-01-08
33,KLZG,NODW,203671,2022-03-04
34,W3LL,GF1L,301272,2022-02-12
35,PV17,89F0,831148,2022-01-19
36,ADRG,L90O,873751,2022-01-29
37,04LK,XU4T,45113,2022-01-27
38,JPKI,OP1M,87258,2022-01-04
39,0EO3,JOY0,508524,2022-01-22
40,EKG6,P84J,375368,2022-02-12
41,I42T,4G5M,146818,2022-03-10
42,QE5Z,GPN3,684924,2022-03-22
43,5XXY,36N2,220094,2022-02-03
44,21V1,WQ7K,784426,2022-01-26
45,V7KZ,PYV3,402617,2022-03-26
46,2BX1,U8DR,810889,2022-01-12
47,N550,I47W,963022,2022-01-07
48,8VCV,53G5,624639,2022-02-11
49,8Z4L,65L7,501271,2022-03-08
50,UBIU,9DF2,370636,2022-01-05
51,KNBC,D6LX,295260,2022-01-11
52,55FR,9EQD,714396,2022-02-21
53,7OM4,KAGA,808652,2022-03-19
54,65KR,9UZQ,168993,2022-02-22
55,11D9,4JUH,555399,2022-01-19
56,6HN2,5TKS,709671,2022-01-01
57,SWWA,KG7L,106958,2022-03-16
58,WD1K,Z8TX,534909,2022-01-27
59,I1ZU,3QR9,381968,2022-02-23
60,Y6EA,1D96,910102,2022-01-16
61,5L2A,SU5D,573701,2022-03-10
62,IIE2,3HEW,525381,2022-02-09
63,DW57,17NF,686089,2022-02-11
64,GHFW,S5MX,695755,2022-02-24
65,HTZJ,3Y7X,930146,2022-03-09
66,UQA6,NCC3,125705,2022-02-21
67,5WLF,Z8OT,66908,2022-03-18
68,PIXD,KLH7,914042,2022-01-25
69,IM5A,WVLM,569308,2022-02-02
70,4Z7L,X92G,4696,2022-03-06
71,ISRQ,A6RO,521792,2022-02-12
72,Y4IG,ZMFJ,499657,2022-02-06
73,RXGM,KH69,378093,2022-02-22
74,FSK8,W202,769353,2022-03-19
75,H1Y7,9B1T,19601,2022-03-04
76,JG27,BSYH,639291,2022-03-31
77,4Z7L,QBG6,634705,2022-02-11
78,JKSN,8GPA,218864,2022-01-08
79,EOZI,8EZL,206361,2022-02-14
80,KA5M,XE30,781568,2022-02-18
81,YH8D,MGQ1,703998,2022-01-03
82,XJSG,IM5A,478721,2022-01-28
83,9Y9A,RTU4,725668,2022-01-09
84,LFMF,MVBT,266789,2022-03-21
85,Z7T7,2AR1,450236,2022-02-26
86,4GZ5,Z9FW,450528,2022-01-09
87,91G8,F5A7,145366,2022-01-05
88,3021,1OKG,183265,2022-01-06
89,68NN,GKFU,131574,2022-03-19
90,87J8,YZP2,342732,2022-02-19
91,35RS,85W5,463435,2022-02-17
92,A9TI,00XR,445782,2022-03-20
93,GMQE,9B1T,816488,2022-02-23
94,R0JP,JZZ2,450011,2022-02-16
95,II2M,68NN,605159,2022-02-17
96,7SWZ,I29K,227732,2022-01-12
97,8QY4,DZJ8,441106,2022-01-03
98,WTNC,26G1,508411,2022-01-08
99,YXO5,COTY,122119,2022-02-08
100,DGTV,OS1E,94525,2022-01-23
101,K67O,3N9H,228301,2022-03-14
102,TVD4,SQUG,182507,2022-03-20
103,4UCJ,AMIE,723402,2022-03-30
104,4H2P,NNNE,933126,2022-03-25
105,MR47,IQUP,935326,2022-01-05
106,CFTK,X9Y5,966912,2022-03-04
107,SPZN,2HBK,954813,2022-03-21
108,29ED,SG8A,460792,2022-03-15
109,JOT0,RIPA,275357,2022-02-07
110,DZZA,LKF0,739653,2022-02-19
111,9332,TRGF,880243,2022-03-05
112,IBY6,0ONA,56046,2022-03-26
113,FYEU,WZTX,395196,2022-03-15
114,LTT2,1IZE,993944,2022-02-11
115,RQDF,KA5M,552282,2022-01-06
116,6OX7,QUTZ,207994,2022-01-04
117,NYW7,X7F4,669964,2022-02-17
118,C27Q,XV0R,234540,2022-03-25
119,MAMU,WTDH,601584,2022-02-07
120,L31U,CVM9,867000,2022-03-06
121,K441,IMC7,847688,2022-02-15
122,0FR3,BWX3,702641,2022-01-25
123,CCLQ,J0NB,833917,2022-01-24
124,LTL3,JSMR,273766,2022-02-17
125,WVTR,G8G0,209453,2022-01-24
126,1SOL,L0XY,338120,2022-01-26
127,X5E9,KUJA,269836,2022-03-23
128,PLZH,SBY6,420133,2022-03-04
129,CZMW,T2Q8,734742,2022-01-01
130,IFYB,YCSW,387819,2022-03-26
131,AWF0,NP1W,630323,2022-03-30
132,WD1K,9DFY,591500,2022-02-01
133,T4LT,K7MU,272129,2022-01-07
134,X4O7,K869,855871,2022-01-10
135,JUZ9,5AUW,166356,2022-01-07
136,0LY6,HIZM,6074,2022-02-26
137,9U69,JL8L,830582,2022-01-19
138,HR4P,I1PN,916171,2022-03-28
139,PQOV,BSYH,801426,2022-01-20
140,ABCA,R4NZ,242800,2022-02-10
141,764U,TGSA,216906,2022-01-25
142,UD15,MCJB,451500,2022-02-10
143,EWNP,KJFN,253356,2022-03-17
144,ZR36,6N52,298453,2022-03-22
145,21V1,C2SA,321490,2022-02-19
146,KLZG,YTHW,403660,2022-01-02
147,DGD2,9UZL,885545,2022-03-13
148,M4BM,PJ3G,881380,2022-03-18
149,VT1A,MR4J,144964,2022-03-02
150,O9AI,19HJ,633877,2022-02-10
151,LDRR,A2GI,937146,2022-03-28
152,SPZN,P42O,739899,2022-01-08
153,GITG,ET4E,978805,2022-02-04
154,48FN,VL4R,249225,2022-02-03
155,0SHG,YFSM,376803,2022-02-09
156,JKNP,GJ7Y,863138,2022-01-18
157,MVBT,5G3S,577940,2022-01-05
158,BII6,VM9T,929256,2022-02-05
159,DTNT,Z067,489878,2022-02-27
160,QAEQ,1LG5,325101,2022-03-03
161,569B,5BER,76490,2022-01-12
162,XTDX,5L2A,305189,2022-03-10
163,0DB0,GM5O,850778,2022-02-20
164,1R9A,DNH2,84668,2022-02-20
165,137A,Q0AX,830053,2022-03-07
166,PIOX,XO2V,961874,2022-03-13
167,DUWN,SQUG,662402,2022-02-04
168,0NY2,S8V4,562783,2022-02-13
169,BSPY,3URO,354878,2022-02-02
170,56CD,ENV8,962586,2022-03-06
171,WQXZ,FHGS,163246,2022-01-25
172,PUTN,UJN2,240612,2022-03-16
173,BDII,3J4L,727964,2022-02-28
174,GU8Q,58W3,28929,2022-02-20
175,MR47,VT1A,743296,2022-01-26
176,HFCD,ZOJZ,455394,2022-02-03
177,MPG6,L7KO,467461,2022-01-16
178,J43P,N4LA,865666,2022-02-27
179,JITC,98YI,201369,2022-02-10
180,05BI,AOXW,198308,2022-01-10
181,3LAA,ADEV,173302,2022-02-23
182,IMN9,BBNZ,979445,2022-01-22
183,QBG6,GKFU,686721,2022-01-09
184,CQ8J,XBZP,500640,2022-01-30
185,WLX5,TMDH,508002,2022-03-13
186,W202,YZ4U,228072,2022-03-16
187,C7GJ,1G3Y,406633,2022-03-27
188,W2Z9,QQEB,192476,2022-02-09
189,A6RO,OPVA,295083,2022-01-01
190,TSHR,USU0,891261,2022-02-23
191,9UZL,QJRQ,304767,2022-02-14
192,SWWA,26G1,28638,2022-03-21
193,O0CV,NSGL,619748,2022-03-08
194,QTQB,8R3O,457723,2022-01-04
195,KUBG,0UDL,666023,2022-03-21
196,N3ZY,FHGS,692011,2022-03-10
197,5YBE,QKN4,805353,2022-03-05
198,BFR3,D8A1,430671,2022-01-28
199,VGSX,2JW7,140225,2022-01-22
200,HWJI,2KG2,226613,2022-01-30
201,O24Q,QDVL,816537,2022-03-03
202,AWF0,5OF7,391889,2022-02-21
203,WQXZ,OJET,683659,2022-03-28
204,M5NZ,QT48,526003,2022-02-14
205,LK1T,WM7A,954852,2022-03-02
206,S7AB,C7GJ,597555,2022-02-18
207,90JQ,8AWK,140009,2022-01-15
208,JXK1,CYRD,90457,2022-02-01
209,U4LJ,C4JA,213722,2022-03-07
210,2D5E,MSN9,180827,2022-03-31
211,UGX2,WIMV,130415,2022-03-13
212,S0J4,3X78,530671,2022-03-17
213,RV9O,GSOT,343809,2022-02-14
214,V0D1,WZTX,378569,2022-02-20
215,OXRK,YTHW,25996,2022-01-14
216,JWPD,TMDH,44751,2022-01-13
217,W613,NTUH,408293,2022-03-01
218,XIKL,4YC3,542277,2022-01-14
219,Z5FA,3ED3,18533,2022-01-24
220,HR2V,6T3B,151660,2022-01-15
221,KH40,X5E9,905197,2022-01-19
222,X148,XEAC,827617,2022-02-20
223,KPUN,6R15,494834,2022-02-17
224,JKNP,XP1C,430660,2022-02-15
225,X9WX,H1Y7,953358,2022-03-11
226,CTA9,68NN,486510,2022-02-14
227,2D07,I128,221676,2022-03-07
228,JYBH,I5SH,277919,2022-01-04
229,N4T6,0GK4,762414,2022-01-19
230,Y83X,IR3B,367050,2022-01-14
231,2B82,CEKP,124469,2022-03-16
232,GSL3,Q7ZH,697364,2022-02-04
233,BBJN,5FX6,622469,2022-02-10
234,E6BS,ODQI,121979,2022-02-01
235,8F3J,9J3S,340188,2022-01-31
236,7SFB,NNWA,635986,2022-03-26
237,DHVR,IBY6,255945,2022-01-28
238,8WFD,H2TG,972609,2022-03-30
239,ZDQU,QKFA,175994,2022-02-12
240,1LK3,URF3,439801,2022-03-25
241,5BER,5G3S,626292,2022-02-01
242,MVBT,J9OZ,635691,2022-01-14
243,S4Q1,AVBF,925192,2022-03-27
244,SXAG,5S5U,487896,2022-01-04
245,9VTZ,996T,992177,2022-03-12
246,QD52,NXZC,809392,2022-02-27
247,6DYM,D40N,761774,2022-03-06
248,NSVG,RNEB,964599,2022-03-30
249,QGCK,BRKV,172022,2022-02-22
250,U7AE,TW65,614020,2022-01-08
251,AR2V,WD1K,775173,2022-02-08
252,C4C3,7M7F,378795,2022-03-03
253,8Z4L,UJN2,631148,2022-02-02
254,1OEO,2N39,732403,2022-02-09
255,CQBH,4UK8,781454,2022-02-26
256,61F5,W2Z9,556770,2022-03-19
257,DUDG,5E66,71028,2022-02-14
258,B5DT,LPVM,254809,2022-03-10
259,WYN6,TPBF,472017,2022-02-23
260,H1VB,5C44,191653,2022-02-05
261,OAG3,TS4V,60195,2022-01-20
262,B6GH,JEXQ,305447,2022-01-02
263,S8V4,JGEJ,538047,2022-03-18
264,7F4J,GOXF,68609,2022-01-29
265,1R9A,PNWK,707794,2022-01-27
266,58HY,LKFF,703074,2022-02-14
267,6T3B,CVM9,369381,2022-03-26
268,ZURK,UT27,769790,2022-01-23
269,RIZ8,ZIMK,596167,2022-02-12
270,MA2I,9U98,178807,2022-03-01
271,7NTX,9151,410520,2022-01-13
272,BSYH,UE75,519545,2022-01-22
273,ZOU2,YUZ6,469575,2022-02-24
274,69ZA,5Q41,14889,2022-02-02
275,TOE6,0XR1,693879,2022-02-15
276,PJ75,8N6W,94748,2022-02-25
277,N9G8,V412,730508,2022-02-17
278,XV0R,Y8H0,635512,2022-01-31
279,SXR0,3XVF,507266,2022-02-19
280,55VD,BEZM,490944,2022-03-15
281,X18P,S3Y0,358167,2022-03-17
282,22EC,SQUG,390226,2022-03-26
283,7BSA,08LB,585866,2022-02-11
284,Q9OY,10GW,276639,2022-02-22
285,0XR1,1D41,184713,2022-02-24
286,IMN9,3F16,116284,2022-03-18
287,8QY4,491P,379159,2022-01-24
288,0YZI,6JRW,691088,2022-02-15
289,AFRR,72HN,649599,2022-01-31
290,I29K,QB52,770375,2022-03-30
291,PL2L,KD2M,10179,2022-03-24
292,PAQC,6A1U,372257,2022-03-28
293,GP0H,JZZ2,673500,2022-03-06
294,QT48,A814,637813,2022-03-14
295,OJ3E,HXOT,851131,2022-03-26
296,SF5K,HR4P,418464,2022-01-22
297,2Y9F,HBIT,98251,2022-01-04
298,GIC6,ZB9K,870508,2022-03-03
299,33F7,0YZI,227274,2022-03-15
300,MUXX,A23Q,843188,2022-02-12
301,P07G,FBQJ,612639,2022-03-17
302,OIYU,IAAZ,738975,2022-03-19
303,Q8NR,EVMZ,174671,2022-01-01
304,WVTR,XJQG,688531,2022-02-16
305,1JZA,53G0,247370,2022-02-27
306,O6TK,1CK2,749005,2022-03-31
307,ACEH,CM3T,755948,2022-01-09
308,67PE,KO58,471948,2022-01-02
309,GOGN,KF4R,390956,2022-01-03
310,1XL3,JTW6,584493,2022-01-26
311,7EIF,PD4L,189779,2022-01-20
312,DCN8,XVVU,293536,2022-03-21
313,GM2J,NODW,551787,2022-02-27
314,A814,FVOI,753833,2022-01-23
315,IOH6,2HRY,337858,2022-03-19
316,C375,ONI2,281379,2022-03-21
317,65KR,BTJJ,975138,2022-03-25
318,0JM4,YYXE,334747,2022-03-19
319,2VKH,JWYA,689745,2022-02-01
320,GMZ5,CTRV,238594,2022-01-16
321,NOSG,ZM9T,496300,2022-02-13
322,JFXX,5Y4C,380036,2022-03-15
323,V0D1,OMNV,399208,2022-02-18
324,XYMY,SXCN,56033,2022-02-26
325,8XWK,IND7,187142,2022-03-13
326,0NY2,BM7V,55715,2022-03-05
327,H4B4,NYW7,873264,2022-03-23
328,N4YU,X2PV,285672,2022-01-31
329,XYMY,5E4O,252669,2022-02-01
330,7W64,Z067,353867,2022-01-02
331,0836,YSNT,165486,2022-03-16
332,8QY4,3RYV,782799,2022-03-20
333,UQOP,LR87,470504,2022-01-20
334,WY7Q,IKAT,674020,2022-01-27
335,7I5M,AVTE,860137,2022-02-16
336,1D41,R57C,980850,2022-03-06
337,MKE1,99H0,928983,2022-01-07
338,PKXN,XU4T,92212,2022-03-07
339,N260,JFMP,172850,2022-03-05
340,TPR5,3XM8,902995,2022-03-03
341,62MP,UBVX,933453,2022-02-22
342,MVFS,V1KX,194303,2022-02-24
343,CQ8J,VLPL,278610,2022-02-17
344,QT48,HUCC,387880,2022-01-15
345,E6BS,AWVW,747509,2022-01-10
346,Z2QQ,DRIQ,849744,2022-02-19
347,FV8X,JPFS,367789,2022-01-17
348,405B,JOT0,992483,2022-01-08
349,XBEQ,GP6X,545068,2022-01-16
350,WS97,PRJ4,69612,2022-03-07
351,8EV8,DU8U,303416,2022-02-20
352,JYZI,TRIU,866851,2022-01-25
353,7H8K,MMMN,104229,2022-03-07
354,LJE2,NTAL,298057,2022-03-21
355,KFBQ,0YBF,79239,2022-02-18
356,FF6A,SGOO,428683,2022-03-18
357,03PU,M4BM,779552,2022-03-02
358,8BC5,E96L,17287,2022-03-25
359,VF19,0WHL,531191,2022-01-04
360,CVXD,E6BS,389213,2022-01-12
361,SXR0,3PAH,618574,2022-03-14
362,VTL4,WQXZ,722836,2022-02-07
363,8953,1LZQ,423120,2022-03-29
364,LKFF,95HN,361812,2022-03-23
365,RUT8,G00E,44002,2022-01-08
366,10PH,8EZL,999586,2022-02-13
367,RMCB,V26Q,142482,2022-01-30
368,ADEV,UT27,501358,2022-02-24
369,CYRD,3F16,129770,2022-02-10
370,JJK4,BBNZ,418793,2022-02-03
371,HVSP,FJNV,714862,2022-01-19
372,12UI,3ENC,19015,2022-02-17
373,WD1K,JDUV,224338,2022-03-27
374,JWVF,NALP,698355,2022-02-01
375,ZM9T,4T0D,482180,2022-03-08
376,0NWC,UDF0,377421,2022-03-05
377,LV9A,S7AB,372423,2022-02-28
378,W0AS,72PN,62305,2022-02-25
379,7UWC,OMVG,878424,2022-02-15
380,HTMT,TCR6,472075,2022-02-17
381,SNX5,FPTZ,803665,2022-03-06
382,0836,S9FT,512608,2022-02-19
383,ZROT,1LZQ,445522,2022-01-10
384,INOS,4WU6,723186,2022-01-16
385,7OM4,W7W9,121377,2022-02-22
386,EUX2,Y2BT,880212,2022-03-26
387,NKPC,1D96,264388,2022-02-13
388,J3EM,O1NY,965327,2022-03-12
389,WHIO,J0DE,277839,2022-03-09
390,LUWN,ZSR4,108489,2022-01-12
391,68SF,1V0M,510762,2022-03-19
392,75F7,N4Y4,729490,2022-02-03
393,6M39,WC5W,302734,2022-03-06
394,JWTU,8GEU,672709,2022-02-03
395,5L2A,ADEV,476739,2022-01-03
396,BLYR,QH7U,733410,2022-01-23
397,S6BC,F51U,194519,2022-03-03
398,P68D,ZFWN,47418,2022-03-07
399,V26Q,XBZP,891409,2022-03-07
400,NAMG,QAOJ,330116,2022-01-30
401,C1ZZ,U325,197444,2022-02-06
402,80Z8,TPL8,337061,2022-03-22
403,3Y57,X9EU,118209,2022-02-23
404,3ESO,0ONA,25952,2022-03-28
405,TKCJ,XP1C,568890,2022-01-12
406,QXR0,V6B6,614818,2022-02-24
407,SP8Z,5K5L,182347,2022-02-04
408,J96P,MUDQ,580351,2022-03-26
409,9F19,BTJJ,270226,2022-03-09
410,H8ZJ,AFRR,609801,2022-02-07
411,ZVPS,V9GG,7714,2022-02-09
412,9CW2,BEZM,508019,2022-03-15
413,3A31,KV1P,956452,2022-01-10
414,LFUP,GUCQ,588827,2022-01-17
415,5XXY,3HWW,283257,2022-01-07
416,Y08Y,7IE1,604533,2022-01-25
417,QMI3,0H3T,563949,2022-01-11
418,NRXH,YHTE,672076,2022-02-17
419,N8LV,S5MX,700644,2022-01-17
420,9JFN,G44L,566998,2022-01-04
421,COOH,MRMB,555288,2022-02-18
422,9H3V,BZS0,313192,2022-03-04
423,0TOR,3NQF,609494,2022-02-25
424,6IHB,JF82,173928,2022-02-24
425,LL1F,3ESO,152693,2022-02-23
426,CFCX,B8WU,678462,2022-02-12
427,U5Z5,25KW,59702,2022-01-06
428,CQ8J,IOH6,563582,2022-01-17
429,AMIE,PV17,270040,2022-02-11
430,87T1,VBIO,308491,2022-02-09
431,9DFY,RXQY,121147,2022-03-04
432,IQV1,1G3Y,711520,2022-03-31
433,XZMT,T2Q8,147976,2022-01-06
434,SIDD,VEAX,564140,2022-02-13
435,3QK6,JITC,565179,2022-03-08
436,2QDL,DJNH,86767,2022-02-03
437,HYRK,LPII,516036,2022-01-08
438,BMKI,PAQC,480838,2022-01-10
439,JA07,67S5,925427,2022-03-03
440,CQBH,NRXL,40181,2022-03-23
441,999X,0FR3,618246,2022-02-07
442,HR8R,31TA,688989,2022-03-18
443,2VBV,X8W5,922838,2022-03-23
444,QBUT,UYS7,669844,2022-01-16
445,9UZQ,Y5BI,354460,2022-03-13
446,I56C,O28U,270934,2022-03-12
447,Y2BT,8MAY,59004,2022-02-26
448,NHR6,CRZR,673844,2022-01-25
449,Y2BT,0DB0,825691,2022-02-04
450,JNUS,6M39,331204,2022-02-02
451,H69Q,J2O0,643871,2022-01-18
452,V26Q,QRYB,413986,2022-03-30
453,RBTC,XOG4,291117,2022-01-25
454,VRHJ,EHIJ,449966,2022-01-27
455,SIMU,BNBT,853319,2022-01-15
456,683R,KH69,948165,2022-03-01
457,WCBM,WQ7K,981297,2022-01-04
458,VA9F,4TX5,400034,2022-03-20
459,BK2L,DVRE,382419,2022-03-31
460,4G5M,3XM8,100386,2022-01-07
461,Q5JM,9MGT,230654,2022-02-01
462,SXCN,T44H,769071,2022-01-14
463,CRZR,4VX8,912914,2022-01-12
464,USU0,3Y7X,1524,2022-03-22
465,YD82,Z9FW,738293,2022-01-15
466,5M0Y,UOY0,929482,2022-03-01
467,QTG9,QDLQ,506009,2022-02-10
468,V2WZ,BEYR,748010,2022-02-01
469,YXO5,NALP,922237,2022-02-20
470,U95G,AOF4,165867,2022-01-06
471,HPMM,3EK7,160997,2022-03-11
472,TSIT,S4QB,715901,2022-02-02
473,BF1J,4KZ4,429794,2022-01-11
474,NALP,6N52,454061,2022-01-07
475,MVBT,9WMF,498890,2022-02-15
476,73N5,Y6EA,766323,2022-03-25
477,UL5V,K7MU,281565,2022-02-22
478,K8NV,I47W,71237,2022-01-28
479,G1EV,0836,258272,2022-01-13
480,K5P4,S2OJ,944440,2022-02-03
481,5YRC,XE1H,6061,2022-03-17
482,XA0U,6JRW,278473,2022-01-28
483,6DMK,GN66,801904,2022-03-30
484,J96P,66ZJ,568433,2022-03-17
485,VTFT,4T0D,901876,2022-03-05
486,UBI6,308T,98810,2022-03-23
487,Y75V,CF77,812122,2022-01-16
488,VG7L,XY34,289764,2022-02-10
489,CWKW,NTUH,710422,2022-03-06
490,Y5BI,WY7Q,227131,2022-01-08
491,RUB5,QTAX,696870,2022-02-07
492,7SIE,YS0G,211800,2022-01-25
493,ETQT,PJ75,561650,2022-02-05
494,VXQ5,J2O0,632642,2022-02-22
495,9M4U,AQ1G,747805,2022-02-06
496,SXCN,9U69,287878,2022-03-03
497,KSD5,AOMN,116053,2022-01-28
498,ORR8,0836,412493,2022-01-07
499,Z859,MZB6,377804,2022-03-25
500,8TML,P22J,188619,2022-03-13
501,6V6P,WTP4,808559,2022-03-20
502,O919,2VM9,896239,2022-02-16
503,IOH6,M4OD,868324,2022-03-21
504,JCCV,3YNX,113119,2022-02-27
505,WVLM,B8CR,856231,2022-03-20
506,LTT2,3HMG,435415,2022-02-26
507,F32S,VZGH,216902,2022-01-29
508,5YLE,HG4M,521759,2022-02-28
509,PAQC,U2RR,739087,2022-03-11
510,UCO0,CQ8J,556168,2022-03-27
511,QTG9,8EV8,875594,2022-03-08
512,PKXN,QEPC,253750,2022-01-04
513,J2GH,D114,127504,2022-01-29
514,UGUR,ECLV,400077,2022-02-17
515,0H3T,6T3B,903221,2022-02-07
516,MBG4,5JUL,747793,2022-01-03
517,EVMZ,J9R9,241619,2022-01-25
518,VOUL,ZM9T,890826,2022-01-18
519,RGQN,C4B7,832651,2022-03-20
520,JG7U,OK9F,597497,2022-02-28
521,UGX2,FHKO,163827,2022-03-26
522,AGQU,SF5K,576235,2022-02-02
523,2M2F,P70A,504634,2022-01-25
524,9UPK,3DEH,956327,2022-03-27
525,8IJ2,RWQE,474436,2022-02-14
526,BVVN,ZWJS,371639,2022-02-23
527,8GCA,QOZP,935059,2022-03-29
528,61G0,TBC8,418872,2022-03-24
529,E7VG,3N9H,888467,2022-01-17
530,8GEU,U325,185085,2022-03-01
531,J0NB,AMI0,48934,2022-01-31
532,BY0N,9S1L,98918,2022-02-09
533,DSJ8,IAOR,278654,2022-01-08
534,UKB6,V3K1,886982,2022-03-28
535,A9VN,RXQY,235623,2022-03-24
536,OYTL,9ZEZ,963947,2022-03-29
537,QH7U,I20S,178351,2022-02-22
538,KD5U,L90O,904842,2022-02-04
539,R07Y,W50Y,624484,2022-03-05
540,IWJK,AOMN,12228,2022-01-21
541,XS9U,A6RO,846503,2022-02-25
542,G72D,8IHM,919306,2022-03-08
543,69GZ,Z3I1,440615,2022-02-10
544,T8H4,TIT6,742183,2022-02-27
545,RZID,CBLI,7282,2022-01-19
546,JKNP,34QT,384435,2022-01-01
547,I2M6,J1IE,820500,2022-03-08
548,Q5JM,5Q41,247034,2022-02-14
549,JA07,O1DI,41147,2022-01-01
550,3OBB,F89L,195094,2022-01-04
551,6BBD,E6BS,584393,2022-03-26
552,S3XC,TRGF,689468,2022-01-25
553,5XXY,54EC,622107,2022-03-12
554,JE8M,B6GH,896055,2022-01-09
555,65L7,I1BQ,928820,2022-01-16
556,9WO7,X60F,413416,2022-03-21
557,5JUL,3RYV,832067,2022-03-20
558,80M0,USJI,67770,2022-01-16
559,1XL3,2D07,133639,2022-01-09
560,YZ32,79N9,459976,2022-01-19
561,WX85,NMVF,844777,2022-03-20
562,9RUQ,G00E,925191,2022-03-07
563,INW1,WRPV,527780,2022-03-06
564,9UZQ,ACEH,529783,2022-02-28
565,QRBZ,91G8,149261,2022-01-06
566,WLZ6,O8UV,490266,2022-03-20
567,2FU6,9ZEZ,983656,2022-03-06
568,BLYR,80ZX,901899,2022-03-15
569,JXFL,J91G,763547,2022-02-12
570,1UWT,2KG2,989506,2022-02-14
571,4DJE,N4LA,646977,2022-03-25
572,I128,DQCZ,296914,2022-02-10
573,NRYH,6PLT,213798,2022-03-27
574,DK8W,OLDF,424584,2022-03-17
575,17NF,QGCK,305575,2022-02-13
576,VT1A,FEWP,243179,2022-01-04
577,M6HZ,VTFT,92774,2022-03-25
578,VVAU,T0FH,686116,2022-01-09
579,LD77,Y2BT,702875,2022-01-14
580,335W,S4QB,177398,2022-01-03
581,XY9G,ZO4Z,600687,2022-01-19
582,VQPT,S3Y0,530669,2022-03-28
583,IAOR,3B5T,845311,2022-02-17
584,FHGS,3OBB,761327,2022-03-11
585,4U24,P4DG,137188,2022-03-18
586,KQMP,EYZX,963693,2022-01-30
587,V91O,NOSG,203013,2022-01-26
588,MA7A,3WRO,31079,2022-02-04
589,137A,A9VN,6124,2022-01-04
590,RTV4,HKMG,152329,2022-01-07
591,K5P4,TW2W,343994,2022-03-30
592,24I6,LTD4,351838,2022-03-15
593,MDQS,NLFN,569009,2022-01-05
594,WD1K,BSVN,449242,2022-03-02
595,ZKAW,H44X,124434,2022-01-12
596,3XVF,291O,663716,2022-03-27
597,6OX7,48MD,355876,2022-02-05
598,Y1OW,SKFS,923445,2022-03-31
599,G1MP,P34B,704810,2022-02-05
600,GQKS,WCBM,305123,2022-02-15
601,4S2A,9WMF,118449,2022-03-23
602,HYRK,PQOV,564168,2022-02-27
603,X4O7,7I5M,11801,2022-01-06
604,KA5M,I29K,608117,2022-03-04
605,3ENC,PZHL,596026,2022-03-05
606,KBJO,O8UV,443043,2022-02-14
607,Y9K8,XEAC,319892,2022-01-21
608,V1JC,VZGH,325908,2022-01-12
609,FVP4,IM5A,36897,2022-02-11
610,QU62,2S7X,343982,2022-03-01
611,BWEB,R1OL,354325,2022-02-10
612,XX37,XOBJ,450625,2022-01-06
613,9LQN,7L5Y,867058,2022-03-17
614,LDRR,46HD,96517,2022-02-16
615,2ASC,8SKY,428541,2022-03-14
616,FS5T,AFF8,517345,2022-03-17
617,UBI6,0WHL,214363,2022-02-02
618,8DXA,JA07,535576,2022-02-12
619,PCMN,XGNQ,223433,2022-02-18
620,RIF0,EUX2,195271,2022-02-11
621,NZXK,6ZJ2,37968,2022-01-03
622,0JM4,QB4N,599030,2022-02-19
623,IFYB,4VD9,824965,2022-02-17
624,XNG5,RIZ8,961633,2022-01-25
625,E5U4,45O6,161418,2022-02-04
626,ZROT,J8RT,170052,2022-03-10
627,NXE7,DJFA,143077,2022-02-25
628,J0DE,4VD9,420687,2022-01-22
629,ULUL,56ZT,60718,2022-02-09
630,Y1BU,3MV1,503907,2022-01-25
631,V96K,QSG6,37267,2022-03-14
632,JKNP,PD4L,612642,2022-03-01
633,GUCQ,SGGO,89457,2022-03-05
634,TPL8,IKUS,106930,2022-01-16
635,82AA,PZJM,828725,2022-02-25
636,X62Y,W2NI,692016,2022-03-01
637,3XM8,NHR6,945467,2022-01-21
638,6RRB,IZGH,48339,2022-03-28
639,J1AY,JFXX,362036,2022-02-01
640,KY1B,VQPT,734201,2022-03-01
641,724G,7ZY8,521951,2022-03-07
642,R3KC,1F6J,367649,2022-03-24
643,7D9Y,UNHD,657042,2022-02-23
644,68NN,R6RH,139257,2022-01-19
645,IOH6,6V7W,883384,2022-03-24
646,CCLQ,J8Y8,939513,2022-03-10
647,NHR6,WDHK,740805,2022-03-27
648,QAN5,VTLB,369620,2022-02-27
649,WGWV,Z2QQ,300232,2022-01-01
650,EUX2,IM5A,932196,2022-02-22
651,A0VC,QCXZ,204811,2022-01-15
652,9F7F,XBTT,213745,2022-01-05
653,M3Q8,J223,449159,2022-01-03
654,80ZX,MVBT,801149,2022-02-18
655,5TY3,7SFB,943927,2022-03-15
656,5A0P,P3R0,857918,2022-01-27
657,3YNX,9OED,783550,2022-02-20
658,H12S,JYRN,203280,2022-03-11
659,4B9V,3UG4,66042,2022-01-24
660,EY92,1D41,14637,2022-03-17
661,TVHG,Y06N,586920,2022-01-21
662,WX85,NZXK,90303,2022-01-23
663,AX4L,0HF8,788499,2022-01-11
664,OP1M,2PGE,302751,2022-01-06
665,TRIU,V91O,951532,2022-01-02
666,46HD,PMRV,699389,2022-02-28
667,ZURK,AFVD,645537,2022-01-11
668,WM7A,JITC,367125,2022-03-31
669,A1D4,FL32,247019,2022-03-27
670,AXW6,YX51,960170,2022-02-22
671,291O,05BI,625264,2022-01-20
672,ZROT,17NF,734079,2022-03-03
673,RV9M,J68B,925175,2022-02-28
674,7W64,VIBO,941784,2022-01-06
675,ZMD9,NGX4,76371,2022-01-21
676,OSNR,I29K,687450,2022-02-16
677,LUEI,YPBP,581377,2022-03-10
678,61F5,05I0,460659,2022-02-14
679,ZDYD,XYU4,324076,2022-01-13
680,3Y57,996T,850894,2022-03-28
681,SG8A,8R5O,465215,2022-03-04
682,8B6H,0OFZ,358963,2022-01-16
683,PUDJ,M051,346421,2022-02-10
684,FKBT,FNKR,23971,2022-01-23
685,JKNP,O94A,195316,2022-02-05
686,U7AE,HGP6,27813,2022-03-20
687,CH79,DRIQ,382688,2022-01-13
688,NFOW,FHXC,121912,2022-03-22
689,9F19,B3BL,541952,2022-03-03
690,R0LO,MZD1,524670,2022-01-28
691,7FJV,QUXQ,603375,2022-03-31
692,LUWN,OLDF,699333,2022-01-26
693,PK6K,0P07,443864,2022-01-26
694,JKSN,MZB6,737190,2022-03-24
695,0TOR,PY1F,942950,2022-01-22
696,PRAZ,DFU1,342745,2022-02-11
697,DQXA,2BX1,144616,2022-02-12
698,YNU4,T7D6,913140,2022-03-25
699,WIJQ,EV2M,931688,2022-01-24
700,0PPG,Z8OT,297023,2022-02-28
701,80M0,V7KZ,548502,2022-01-06
702,A3SJ,WIC6,777811,2022-02-05
703,RV9O,J9OZ,650381,2022-01-11
704,569B,FYP5,475024,2022-01-02
705,NGX4,UCO0,78685,2022-03-09
706,ADRG,D6LX,144770,2022-01-10
707,JITC,8EZL,253677,2022-01-31
708,IVQ6,KA5M,57762,2022-03-28
709,CRZR,JKNP,290043,2022-02-10
710,LANO,HKDX,207355,2022-03-24
711,9H7H,WDHK,789373,2022-03-24
712,AGDU,B3BL,377835,2022-01-19
713,D33M,JYRN,147206,2022-03-31
714,P42O,U325,146151,2022-02-13
715,ULVY,2765,463532,2022-02-11
716,PU4Y,BOMG,818647,2022-02-15
717,LC6Y,ZZXP,801033,2022-03-08
718,X6A8,ORBQ,840488,2022-03-25
719,BEZM,LLV1,267363,2022-02-13
720,F2PA,10GW,153182,2022-03-20
721,7UWC,Y2RT,65607,2022-03-25
722,TF4V,83KA,632980,2022-03-19
723,E6H9,R6RH,921303,2022-01-14
724,8NYY,FDP7,660241,2022-01-05
725,VE0J,LTL3,78046,2022-02-02
726,N9G8,9F7F,660668,2022-02-07
727,OI43,NNWA,316757,2022-02-18
728,GD7D,L9PC,471140,2022-02-06
729,T15U,J8RT,1003,2022-02-05
730,B8WU,E20D,957694,2022-01-18
731,3F16,931R,36197,2022-03-02
732,ZDQU,B3BR,329185,2022-03-09
733,UVO3,9LQN,215608,2022-03-20
734,JDTS,5DQP,466546,2022-02-09
735,YB1F,OZT3,224900,2022-02-01
736,UX68,RFET,579047,2022-01-04
737,FJEV,0XR1,638501,2022-01-25
738,CYRD,7WQX,879381,2022-03-24
739,5XUA,VRHJ,80439,2022-01-30
740,L31U,33F7,11188,2022-02-09
741,UC7A,N0L3,883008,2022-01-10
742,H4B4,WZTX,382379,2022-02-21
743,VRHJ,E6BS,353533,2022-03-24
744,E20D,V1JC,512340,2022-01-01
745,L0YN,W2Z9,503192,2022-03-03
746,I8MC,91G8,790651,2022-02-23
747,X18P,HAZI,249983,2022-02-28
748,7SIE,ADRG,968647,2022-03-27
749,ZVKA,JOY0,985241,2022-02-18
750,9SU6,D114,492821,2022-01-20
751,KK7F,LKF0,168677,2022-01-12
752,AMH5,O94A,400751,2022-01-11
753,WTP4,624Q,479458,2022-03-23
754,BCBG,CQ8J,266829,2022-03-05
755,IVQ6,1XSE,693431,2022-01-06
756,XP1C,XQZ1,699578,2022-02-28
757,HCXY,308T,425086,2022-03-07
758,85W5,KQMP,215893,2022-03-12
759,O1NY,4KPY,842095,2022-01-21
760,CQ8J,GF1L,551515,2022-02-13
761,CNX2,SGGO,445211,2022-03-08
762,A80Y,RGNP,980243,2022-03-25
763,DE59,CM3T,814481,2022-03-16
764,Q9OY,FYP5,490889,2022-03-11
765,7LV4,QU62,514888,2022-01-21
766,NG4H,AJAP,895788,2022-02-10
767,VB62,A0VC,67521,2022-02-22
768,5YRC,D2BY,563365,2022-03-25
769,SD5H,FGV1,857746,2022-03-22
770,LKFR,5QVK,673643,2022-03-18
771,WLZ6,RFET,829935,2022-02-12
772,Q8NR,P10D,973643,2022-01-01
773,W2NI,QXHR,524164,2022-03-07
774,I48H,AWF0,928601,2022-01-17
775,53G0,8WUX,748180,2022-02-28
776,V374,82AA,732981,2022-02-16
777,UAUX,YR22,902449,2022-01-31
778,HTZJ,AFRR,586766,2022-03-23
779,QH7U,N283,196978,2022-01-20
780,H6QC,FU8A,31962,2022-02-10
781,7H8K,MZXI,579571,2022-02-13
782,137A,7ZY8,345946,2022-02-11
783,UC7A,CFCX,95874,2022-03-26
784,KAGA,H8ZJ,177281,2022-02-22
785,CHEQ,RV9O,611101,2022-02-21
786,2VV0,L1IA,306990,2022-02-16
787,BF9O,YTHW,778854,2022-03-16
788,8IJ2,7DV9,218788,2022-02-08
789,VU80,DUXT,735461,2022-01-18
790,H1I2,X92G,792886,2022-02-16
791,8941,IIE2,458932,2022-02-15
792,22EC,GIC6,900983,2022-03-01
793,YRCO,2VM9,339157,2022-01-22
794,R02I,SKBO,88306,2022-01-30
795,XGNQ,JKNP,420137,2022-01-08
796,5HEX,TRIU,10075,2022-02-04
797,ILA9,7ZY8,627959,2022-01-09
798,VGSX,9151,44933,2022-03-24
799,8LCF,BL8B,45022,2022-02-20
800,P34B,V614,795184,2022-01-13
801,NZXK,HTMT,110882,2022-03-11
802,V0U9,1CK2,833479,2022-03-02
803,77VB,GSL3,732295,2022-01-11
804,JQ8P,T4LT,556668,2022-02-25
805,5XUA,OEDQ,159695,2022-02-25
806,GF1L,NXE7,205476,2022-01-13
807,WZTX,GABM,411722,2022-01-26
808,182Q,NJ2V,435810,2022-01-25
809,8BC5,K8V7,977444,2022-01-23
810,KYUR,XQDF,893065,2022-03-14
811,05DB,1V0M,34786,2022-03-12
812,CEME,0EO3,975513,2022-03-30
813,A23Q,5YRC,920266,2022-02-17
814,QXR0,024R,454375,2022-03-27
815,5S54,99BM,263777,2022-02-21
816,NLNM,XGNQ,658653,2022-01-05
817,1LNQ,9JDR,89628,2022-03-22
818,S7AB,0522,437159,2022-02-01
819,7AT7,LJI7,677112,2022-02-12
820,LELD,48FN,229937,2022-01-22
821,72HN,C27Q,266823,2022-02-16
822,V9GW,QAEQ,556533,2022-01-26
823,ZP7X,SNX5,871616,2022-01-27
824,ET4E,AJXS,92891,2022-01-05
825,K265,FPTZ,727204,2022-01-11
826,0RFV,62AP,424302,2022-02-01
827,ZH1V,IH7W,746571,2022-03-26
828,G72D,PY1F,772422,2022-01-08
829,RDC3,FS82,998489,2022-03-13
830,P0ZG,JKSN,201700,2022-02-08
831,P8OT,16XE,410640,2022-02-21
832,8374,VM8P,179835,2022-03-29
833,XJSG,3NQF,760680,2022-02-11
834,XG6R,93RE,86935,2022-03-23
835,04LK,GXHV,178408,2022-03-16
836,05I0,5995,49123,2022-03-19
837,JNUS,KLX0,767648,2022-02-17
838,4T08,4ACV,942155,2022-01-24
839,UCTC,4JUH,599693,2022-03-08
840,XAPT,Y2RT,263261,2022-02-03
841,62DT,LU11,607875,2022-01-19
842,BEYR,3LAA,759323,2022-03-26
843,IAAZ,J91G,818625,2022-02-07
844,V6B6,HXOT,411320,2022-01-22
845,6ZJ2,C9OW,412130,2022-03-23
846,XV8L,405B,954887,2022-02-13
847,46HD,ZWP6,561647,2022-02-11
848,HKWJ,HFRP,118326,2022-01-16
849,UBOP,4748,338150,2022-03-20
850,1KY0,RMTY,870043,2022-03-02
851,2CJR,JQ8P,166417,2022-03-11
852,82KE,V9GW,512133,2022-01-18
853,PZJM,F51U,961660,2022-01-02
854,GSL3,RDTC,747642,2022-02-23
855,CXSS,AVBF,453859,2022-01-09
856,I20S,EXY5,104667,2022-01-03
857,GPN3,77VB,351579,2022-02-14
858,NXZC,0OVK,443465,2022-01-09
859,55WV,BMWE,497357,2022-01-11
860,5TKS,7VDA,389404,2022-02-09
861,65F4,XE30,743322,2022-02-05
862,28IA,382D,657361,2022-03-28
863,V1JC,BY0N,564000,2022-02-27
864,IYTR,5S5U,102590,2022-01-12
865,YS0G,M9CI,904670,2022-02-24
866,LYKO,NNQG,741697,2022-01-17
867,Q16J,GW4Y,668777,2022-01-12
868,BMJE,EQWV,903680,2022-03-31
869,QD52,CPOM,50814,2022-01-13
870,L41T,E6H9,222593,2022-03-03
871,STBL,FYEU,107306,2022-01-29
872,QGS9,ARBO,327598,2022-01-18
873,HYRK,PU4Y,920930,2022-02-20
874,CVM9,OMVG,547371,2022-02-23
875,5QHC,OJVM,661134,2022-02-08
876,J91G,HWEZ,284537,2022-02-23
877,HHAF,74K1,147383,2022-01-31
878,J0MV,ZKAW,477813,2022-02-14
879,350X,3914,286556,2022-02-27
880,AMH5,M9CI,306359,2022-02-03
881,K441,SNO4,263282,2022-03-01
882,N9G8,W4BW,751218,2022-02-03
883,JDX1,65KR,73670,2022-01-31
884,Z067,35RS,937001,2022-03-20
885,6V6P,2OFM,42685,2022-02-25
886,0RCQ,X6A8,561045,2022-01-07
887,SKFS,V96N,797144,2022-03-20
888,GGC0,TJ2I,305059,2022-02-05
889,R4OR,8WUX,103578,2022-03-11
890,3URO,71J9,373758,2022-03-15
891,EXY5,BY2N,630688,2022-01-16
892,7L5Y,5HEX,236557,2022-01-08
893,GF1L,STLY,976435,2022-01-19
894,ET4E,0O5F,601842,2022-01-25
895,J96P,IU91,599789,2022-02-02
896,PYV3,W3EZ,313647,2022-01-10
897,33F7,YNU4,69489,2022-03-19
898,57UM,Y2DY,880402,2022-01-11
899,YZ4U,8CYI,584622,2022-03-30
900,3GBR,MZD1,219647,2022-03-14
901,CWKW,EOZI,995836,2022-02-11
902,HJ83,TSCR,497133,2022-03-23
903,PBCH,2KTW,607108,2022-02-12
904,A5EX,P68D,293383,2022-03-06
905,4YC3,EY92,423088,2022-02-06
906,1SSM,UFVI,441918,2022-01-23
907,EIU5,D6LX,597240,2022-01-09
908,JK07,9LBL,112755,2022-01-13
909,8QK3,NTAL,47629,2022-03-29
910,KYUR,O2G3,822659,2022-03-03
911,XV0R,VOUL,788898,2022-02-02
912,KUBG,PAQC,334943,2022-01-24
913,H2TG,8H5Y,156824,2022-01-11
914,RBUL,P8OT,347329,2022-02-11
915,ZROT,MAMU,690605,2022-01-11
916,RJJU,999X,85316,2022-03-18
917,2D07,3YI2,469313,2022-02-12
918,73O8,NALP,965695,2022-02-20
919,7PB8,9ZCJ,818888,2022-03-12
920,6SUR,PMRV,846745,2022-02-04
921,0S9T,YY0V,8364,2022-01-30
922,5DQP,INW1,560352,2022-02-28
923,KLX0,T7D6,799141,2022-02-26
924,C4QX,8BC5,217285,2022-01-30
925,PV17,SXCN,143737,2022-03-12
926,4GZ5,IMIF,952221,2022-03-20
927,0522,8GCA,948832,2022-03-17
928,7FVU,ULUL,707692,2022-02-07
929,WS97,FZ18,504252,2022-03-03
930,9DJX,OLDF,862199,2022-03-19
931,Z7T7,D22X,209979,2022-02-26
932,VYQ9,MLAU,997427,2022-01-29
933,3LA8,98PU,693293,2022-01-03
934,74K1,MUXX,172837,2022-03-26
935,PNJP,9NRU,213184,2022-02-07
936,NJ2V,GZKR,338819,2022-01-31
937,U9SP,A248,673721,2022-02-24
938,C4JA,Z43Z,447913,2022-03-20
939,CYRD,RUB5,448592,2022-03-30
940,T61G,B6BN,820705,2022-01-29
941,WMGW,EYWR,898457,2022-03-12
942,GXOS,WH6S,232770,2022-01-28
943,TENR,VS35,997417,2022-01-16
944,UE8V,9KEO,93326,2022-02-26
945,R7CL,9HBX,977637,2022-02-13
946,J1AY,KA5M,344797,2022-02-08
947,3R0T,MAMU,930665,2022-01-30
948,YUZ6,R4NZ,99117,2022-03-05
949,8KKN,EUMB,428168,2022-03-02
950,MA2I,W7UJ,115194,2022-02-21
951,LPVM,93RE,247913,2022-03-09
952,TG8R,7F4J,837865,2022-02-09
953,MKE1,PICJ,956064,2022-03-09
954,9RUQ,23RS,191690,2022-02-20
955,2DDQ,KH0G,542317,2022-01-27
956,GMN9,JG8Y,932981,2022-01-22
957,AFRR,3LDN,370772,2022-02-28
958,Z6QL,764U,327192,2022-03-09
959,5JNJ,X9VV,719365,2022-02-02
960,AFF8,182Q,762660,2022-01-20
961,JCCN,OHHK,770751,2022-01-28
962,E46T,WVLM,360143,2022-03-24
963,5MIF,ZKAW,805525,2022-01-27
964,TD1I,EYFM,288495,2022-03-28
965,1WDB,WDHK,833388,2022-02-08
966,C7GJ,O995,229187,2022-01-16
967,PIOX,S8V4,859628,2022-02-23
968,1MUA,66UL,251351,2022-03-01
969,RMTY,GSDO,561882,2022-02-06
970,O0CV,HQJ2,833861,2022-01-13
971,BM7V,WGYF,480531,2022-01-08
972,SNGO,VVNQ,646698,2022-01-23
973,CXFV,CG17,367823,2022-03-03
974,WS97,ABCA,705198,2022-01-05
975,CVM9,5PHY,315887,2022-02-20
976,JXFL,996T,751544,2022-03-23
977,F43L,5C44,974075,2022-03-22
978,HRDE,24VZ,107858,2022-01-24
979,LK1T,AR2V,595847,2022-03-16
980,28A6,8TML,769627,2022-03-31
981,DJNH,ORR8,101509,2022-03-06
982,8TML,TS4V,83810,2022-01-06
983,JK07,6EXP,989832,2022-01-30
984,LX1N,UGX2,18315,2022-03-13
985,NHR6,TNI9,398231,2022-01-21
986,9WMF,U9QC,765485,2022-02-05
987,JG8Y,QWQ9,394898,2022-03-05
988,1J1G,OSR2,498959,2022-03-22
989,XCUM,98YI,530335,2022-01-21
990,I56C,VC9B,460860,2022-03-31
991,8374,A3SJ,346916,2022-01-01
992,N253,2Y9F,804338,2022-01-24
993,8F3J,PD4L,782820,2022-01-23
994,H4DE,06YU,830745,2022-02-03
995,2QSV,24VZ,247684,2022-02-09
996,XS9B,B5DT,691454,2022-01-07
997,E46T,2D07,379266,2022-03-07
998,AJAP,XS1A,27775,2022-03-04
999,ONI2,CXIG,440476,2022-02-18
1000,HKWJ,Z63P,894794,2022-01-19
1001,KH69,GMQE,549356,2022-01-02
1002,I47W,Z43Z,478102,2022-03-31
1003,J3EM,QOZM,305835,2022-01-07
1004,5XXY,J223,271751,2022-01-16
1005,Y9K8,JSMR,491441,2022-03-13
1006,BFR3,3X78,322262,2022-03-28
1007,WS97,SXCX,411698,2022-01-07
1008,TIL7,V7KZ,147029,2022-03-17
1009,JZQG,0JM4,551374,2022-01-15
1010,8KWU,W38T,236962,2022-03-02
1011,S83H,0P07,155391,2022-03-27
1012,XQZ1,JB39,647230,2022-02-21
1013,7F71,7NYE,869105,2022-03-04
1014,8QK3,WM7A,326675,2022-03-10
1015,LKF0,Z5A5,642832,2022-02-18
1016,98YI,55VD,446460,2022-01-14
1017,UGX2,C2SA,501420,2022-01-06
1018,S8V4,U2VL,906324,2022-01-06
1019,VK4G,T9TJ,607219,2022-03-31
1020,MDQS,VK4G,430996,2022-02-02
1021,GIC6,X9Y5,785001,2022-02-08
1022,GABM,NXZC,85147,2022-01-13
1023,999X,HRDE,18394,2022-01-02
1024,57EY,LEQ2,631012,2022-01-03
1025,M5NZ,38ZA,634669,2022-01-01
1026,GXHV,XQZ1,868276,2022-02-13
1027,CXSS,QBG6,693495,2022-03-21
1028,74K1,GMQE,694040,2022-01-28
1029,OJ3E,TD0C,916805,2022-01-05
1030,L3A5,G72D,412114,2022-03-25
1031,0FSX,T44H,511605,2022-02-27
1032,KDMR,48FN,972243,2022-01-14
1033,DVRE,J6SE,892245,2022-01-26
1034,QJRQ,M15C,599016,2022-01-03
1035,2MC1,UBI6,540537,2022-02-28
1036,R4OR,JCCN,739151,2022-02-19
1037,GOYE,0LM1,38774,2022-01-16
1038,5995,S0O2,399128,2022-02-28
1039,DCN8,IAAZ,17871,2022-01-05
1040,YYXE,CCSE,916321,2022-02-06
1041,EV2M,2765,514358,2022-03-27
1042,P34B,O995,270853,2022-02-03
1043,KG7L,IKP7,181474,2022-02-08
1044,PLZH,W38T,157238,2022-01-27
1045,L3A5,A8BV,605261,2022-02-11
1046,FHXC,TS7V,799361,2022-02-22
1047,W2JU,5EIJ,546787,2022-03-05
1048,Z31V,SUSJ,281761,2022-01-24
1049,2VKH,VTFT,106276,2022-02-24
1050,7I5M,N9G8,154481,2022-01-30
1051,XB47,87T1,475668,2022-03-07
1052,KBI6,WQ7K,428718,2022-03-31
1053,V9GW,WDHK,206245,2022-02-05
1054,OFTJ,9TZR,625280,2022-01-25
1055,7VDA,POVQ,857225,2022-01-19
1056,P84J,HMNO,90925,2022-01-12
1057,N4YU,2PGE,295502,2022-01-27
1058,FJNV,SD5H,122006,2022-02-13
1059,KT3B,L0UE,118901,2022-03-06
1060,0XR1,YHTE,767855,2022-03-30
1061,ZJFO,KZ2Y,714142,2022-01-28
1062,683R,1ZFU,90904,2022-03-21
1063,T1S1,61G0,573823,2022-01-18
1064,QOZP,II2M,377709,2022-01-20
1065,4KLP,GMZ5,897241,2022-02-20
1066,LYKO,A3SJ,835841,2022-01-15
1067,62DT,XJCY,119153,2022-02-11
1068,UD15,BWEB,431909,2022-02-01
1069,1IZ1,NLNM,9153,2022-01-05
1070,UE75,U95G,898835,2022-03-23
1071,HB4Y,PIXD,517526,2022-01-15
1072,XBTT,IKUS,316322,2022-01-02
1073,B0C5,COOH,934786,2022-01-10
1074,FV8X,S6BC,783309,2022-03-14
1075,U7GB,BUFB,61512,2022-03-31
1076,UCTC,SP1K,663041,2022-02-15
1077,8GPA,B5AI,263076,2022-02-04
1078,RDFM,8K3M,487551,2022-02-12
1079,GU8Q,28A6,156176,2022-02-25
1080,RBTC,PDTC,707633,2022-01-15
1081,ENV8,LJI7,717447,2022-03-23
1082,OI43,05H9,67668,2022-03-10
1083,87PA,A5EX,537373,2022-01-30
1084,3HWW,V0D1,572987,2022-02-02
1085,F89L,3IIK,85285,2022-02-15
1086,PCMN,3ENC,937864,2022-01-05
1087,JYBH,PRJ4,695836,2022-03-05
1088,Y68J,OODT,964150,2022-03-06
1089,73N5,DCN7,694451,2022-02-12
1090,S1RO,14F7,922260,2022-01-06
1091,DZZA,KZCP,84631,2022-01-17
1092,UVO3,R57C,878730,2022-03-19
1093,2VBV,E7VG,484040,2022-02-22
1094,I0IT,NZMT,748763,2022-01-10
1095,L4OQ,JUZ9,35157,2022-03-09
1096,J8Y8,V26Q,233627,2022-03-13
1097,11HT,YSNT,741551,2022-02-09
1098,T07Q,Q0ET,829622,2022-01-16
1099,AOUX,DROE,374688,2022-03-11
1100,J0MV,WL67,738563,2022-02-28
1101,2E9H,00XR,169867,2022-01-12
1102,HRDE,UQ2U,10445,2022-02-23
1103,34QT,9LBL,17846,2022-03-11
1104,WRPV,IYTR,410079,2022-03-25
1105,6V7W,X5E9,587284,2022-01-30
1106,DSJ8,SG8A,666101,2022-01-03
1107,V96N,PHQ8,433621,2022-03-21
1108,ID4K,E9VD,269415,2022-03-25
1109,DNH2,C375,670997,2022-01-14
1110,CZCV,8N6W,163436,2022-03-30
1111,MR47,B8CR,503625,2022-01-31
1112,HFRP,Z7T7,563884,2022-01-14
1113,JE8M,XG6R,936001,2022-02-04
1114,LJE2,VR8N,540798,2022-03-03
1115,12UI,A23Q,380860,2022-01-28
1116,FVOI,YWUY,280909,2022-03-02
1117,Z5A5,92WI,262825,2022-03-25
1118,XFHK,MSHO,127971,2022-01-31
1119,GOGN,2Y9F,273278,2022-01-11
1120,HO5M,WIKJ,857123,2022-03-17
1121,JDX1,19ZT,522117,2022-03-29
1122,91G8,GIC6,794049,2022-02-20
1123,OXKZ,4VX8,950834,2022-03-09
1124,3LAA,CKB6,27772,2022-01-23
1125,A7PZ,EJNL,23090,2022-01-23
1126,VL4R,FVP4,463875,2022-03-09
1127,V01G,5M0Y,68595,2022-03-25
1128,N253,2QDL,307837,2022-02-26
1129,PZHL,BP1L,543136,2022-03-08
1130,PZ82,VB62,691614,2022-03-10
1131,DYEG,TSIT,740606,2022-01-20
1132,2KTW,31TA,320584,2022-03-13
1133,ZMFJ,RU8D,375330,2022-03-04
1134,KLRC,8AWK,562718,2022-02-13
1135,J2GH,ISWF,385483,2022-02-12
1136,OS1E,V0U9,551226,2022-02-13
1137,XZY7,Z859,208159,2022-02-22
1138,7W64,G3N4,397247,2022-03-23
1139,2FU6,YD82,359894,2022-01-09
1140,OEYK,W2Z9,211533,2022-02-25
1141,ISRQ,W9F9,750119,2022-03-11
1142,V96N,BL6M,150509,2022-03-20
1143,EWNP,U1FU,936222,2022-03-29
1144,EY92,DZZA,704245,2022-03-04
1145,RIZ8,NM90,934742,2022-01-26
1146,F89L,6KAF,400372,2022-01-28
1147,I4T0,PRAZ,952752,2022-02-10
1148,7W64,5EIJ,487027,2022-03-27
1149,UBVX,CXFV,875788,2022-01-09
1150,PD4L,OMF3,803204,2022-02-09
1151,FFK2,RV9M,739903,2022-03-24
1152,XY9G,GFZ8,724377,2022-02-11
1153,2HBK,0B5U,264680,2022-03-25
1154,27J7,GCTK,952798,2022-02-16
1155,RYHX,YDPZ,176052,2022-03-26
1156,BP1L,KV1P,21268,2022-02-21
1157,BFR3,TNI9,942305,2022-02-23
1158,8VYE,HRDE,927165,2022-02-27
1159,W4HR,0IRT,541390,2022-02-06
1160,UBI6,LC6Y,567288,2022-03-06
1161,ULUL,37EH,632277,2022-02-16
1162,LTVY,OAF5,673661,2022-02-22
1163,67DI,6HN2,906304,2022-01-27
1164,L4OQ,OHHK,32817,2022-02-05
1165,2ZYW,LTD4,508729,2022-01-27
1166,3MV1,SU5D,236811,2022-01-30
1167,LTPK,9ZCJ,851468,2022-03-04
1168,SEZ0,PLZH,895960,2022-03-10
1169,LYGS,ER5M,501181,2022-02-17
1170,K265,UFIY,164261,2022-02-20
1171,JJK4,CCSE,333994,2022-01-19
1172,QR5A,OE1I,643927,2022-02-13
1173,DZO4,3IIK,899652,2022-01-24
1174,AXKD,ID4K,716348,2022-03-12
1175,PS10,RG7G,59519,2022-03-16
1176,QU62,JDTS,552298,2022-02-14
1177,55N8,9N18,937738,2022-02-02
1178,GPN3,E9TT,559995,2022-02-09
1179,YS0G,2WNZ,46130,2022-01-07
1180,UFVI,KZ2Y,902069,2022-01-17
1181,6A1U,7TOY,982967,2022-03-03
1182,LFXF,2VM9,541385,2022-03-29
1183,WBFK,NCC3,744698,2022-02-08
1184,TS7V,W4BW,807404,2022-01-30
1185,0522,V1KX,308711,2022-01-17
1186,B66N,ISRQ,378404,2022-01-26
1187,6PLT,P07G,358054,2022-03-08
1188,3021,CHXF,715491,2022-01-17
1189,11HT,RXGM,686803,2022-03-30
1190,H35X,HWJI,68315,2022-01-05
1191,KLE0,FYP5,932106,2022-02-02
1192,IQUP,TDV5,42467,2022-02-22
1193,IQ2T,22EC,401640,2022-03-04
1194,CVXD,CH79,67393,2022-02-01
1195,KGMF,CTA9,777103,2022-03-27
1196,MSHO,DUXT,633691,2022-02-09
1197,36EW,19PF,300973,2022-01-03
1198,KA5M,OS1E,458430,2022-02-23
1199,50SI,9332,21363,2022-02-18
1200,NJ2V,P68D,175969,2022-01-06
1201,C4IT,6IJ2,551995,2022-01-14
1202,0NWC,KYCT,953104,2022-03-19
1203,BLHF,TD0A,678330,2022-02-23
1204,L0XY,GXK9,310026,2022-03-29
1205,XEZ3,OADL,50418,2022-02-17
1206,A904,Y2BT,187091,2022-02-12
1207,UNWA,SSXT,364745,2022-02-07
1208,MRMB,PRQQ,777650,2022-03-22
1209,7NYE,VM9T,385954,2022-01-17
1210,NRYH,J8Y8,896965,2022-01-11
1211,DROE,NLFN,877282,2022-02-21
1212,8KWU,V9GW,461000,2022-01-20
1213,R6RH,Y68J,629554,2022-01-21
1214,UBOP,2VV0,132447,2022-01-23
1215,WQXZ,NNWA,934756,2022-03-28
1216,Y68J,0NWC,502696,2022-03-04
1217,BMJE,XY34,373208,2022-01-17
1218,3GL7,NUKJ,946902,2022-03-06
1219,NA8U,IZJL,933632,2022-03-03
1220,WD1K,ZOU2,250055,2022-03-22
1221,MUXX,QOTK,387434,2022-03-11
1222,EJ6T,QKL9,378032,2022-03-01
1223,V91O,05H9,343137,2022-02-10
1224,K05J,89F0,250185,2022-02-07
1225,5NME,AWVW,567778,2022-02-16
1226,61F5,A6BJ,849204,2022-02-11
1227,TJHD,M639,830462,2022-03-30
1228,S3IH,209V,532526,2022-03-22
1229,W0C0,QDLQ,383593,2022-02-05
1230,1CCI,GM2J,820877,2022-03-25
1231,V2MK,HNQ1,981953,2022-01-27
1232,9ZHE,LAV3,945135,2022-02-04
1233,LL1F,A2GI,740669,2022-03-08
1234,6HN2,RGNP,318772,2022-03-14
1235,6R15,EYZX,62193,2022-01-04
1236,6PGJ,9U69,474916,2022-01-18
1237,4JRD,UD15,996480,2022-03-14
1238,KK7F,38TT,434345,2022-03-04
1239,O8UV,YP3U,352334,2022-01-23
1240,UGUR,BEYR,929583,2022-02-22
1241,O919,EV2M,118718,2022-03-12
1242,NE6O,IKP7,991409,2022-03-25
1243,B5DT,M4OD,730119,2022-02-05
1244,DYA3,MHN2,243234,2022-03-04
1245,EYFM,1YW1,501793,2022-03-30
1246,FECX,WIJQ,50363,2022-01-03
1247,KJFN,YZP2,833347,2022-01-27
1248,XW4E,IU91,893851,2022-02-21
1249,KHFY,48SW,447380,2022-02-07
1250,V1NG,I4SC,317253,2022-02-22
1251,HFCD,OMVG,811794,2022-01-07
1252,8LCF,IND7,631677,2022-01-31
1253,90JQ,ZSTU,607365,2022-01-12
1254,MR47,CFTK,279743,2022-02-22
1255,AGSZ,2OFM,406382,2022-03-10
1256,6KAF,1BDH,768498,2022-01-07
1257,NI1X,X148,119260,2022-01-01
1258,DNH2,UBOP,991236,2022-03-06
1259,WX85,BBV4,594088,2022-02-08
1260,YRCO,760S,702198,2022-03-20
1261,SSXT,8CHD,703574,2022-02-18
1262,CYRD,UQ2U,117728,2022-03-17
1263,2AR1,KD2M,467143,2022-03-13
1264,FYP5,3RYV,457554,2022-03-16
1265,VVAU,X5E9,267249,2022-03-18
1266,FGRI,7WQX,101736,2022-01-16
1267,E46T,BEZM,46681,2022-02-04
1268,8WUX,KH69,220776,2022-02-13
1269,VD77,55WV,206717,2022-01-10
1270,V614,7U1X,839047,2022-03-19
1271,19PF,Z2QQ,947439,2022-02-05
1272,TNI9,LKFR,818997,2022-03-09
1273,JNQ0,31XA,673196,2022-03-29
1274,9JDR,DQAU,640377,2022-03-13
1275,UD15,LR87,630167,2022-02-09
1276,BVVN,LW6Q,547172,2022-01-03
1277,JOT0,6BEL,177750,2022-03-03
1278,4YC3,35X5,886187,2022-01-31
1279,H1Y7,8374,991289,2022-03-06
1280,683R,8RMZ,813302,2022-03-26
1281,F2PA,IE61,52053,2022-03-27
1282,JL8L,NA8U,832329,2022-02-05
1283,F6P7,TD0C,552435,2022-02-01
1284,L5J5,C1S4,704327,2022-03-29
1285,LKDV,Q5LN,739154,2022-03-15
1286,VTFT,T3HP,784700,2022-01-13
1287,GRIT,Z60R,575591,2022-03-17
1288,JXFL,BVVN,573030,2022-01-14
1289,RU57,IB24,348113,2022-03-01
1290,V614,A5CI,593613,2022-02-13
1291,LUWN,8R5O,265498,2022-02-15
1292,XCUM,GFOX,953328,2022-01-06
1293,CF77,62DT,3672,2022-02-24
1294,HTMT,71VX,856417,2022-01-01
1295,EXY5,BLCR,89863,2022-02-23
1296,2QSV,TVNU,577129,2022-02-18
1297,8KWU,P02K,583135,2022-02-17
1298,GM2J,W2Z9,630676,2022-02-14
1299,291O,NNH0,440527,2022-03-25
1300,2HBK,VFYP,176130,2022-01-14
1301,PAQC,C1VB,156502,2022-03-22
1302,XJQG,A814,104865,2022-01-08
1303,70L9,9YEE,960052,2022-01-13
1304,WDHK,3LA8,342786,2022-03-18
1305,G0UT,HIZM,605419,2022-02-27
1306,1XSE,9AKN,688555,2022-03-30
1307,0EO3,1BHW,358334,2022-03-06
1308,B5AI,JFXX,185389,2022-01-11
1309,T0QZ,68NN,662116,2022-02-17
1310,CCSE,LFXF,160728,2022-03-07
1311,1UWT,NUKJ,366239,2022-03-31
1312,4S1A,8GPA,669463,2022-02-15
1313,7HW6,A8BV,508504,2022-03-25
1314,KG7L,FVOI,697910,2022-02-17
1315,RCHD,CF77,945928,2022-01-12
1316,EQWV,450N,303887,2022-01-08
1317,DANR,NAMG,50587,2022-03-13
1318,TJHD,SG8A,328622,2022-03-19
1319,SXWI,34XQ,887006,2022-03-15
1320,IR3B,8CYI,677560,2022-02-22
1321,NP1W,1KU5,355851,2022-01-17
1322,ESWQ,K4KK,388328,2022-03-16
1323,JAMI,G4PP,341695,2022-01-08
1324,GMN9,IRVY,900607,2022-03-04
1325,RWCO,B6BN,326549,2022-01-06
1326,YVT1,5TY3,173602,2022-02-02
1327,UOY0,FJNV,95677,2022-02-13
1328,3HMG,1D41,897545,2022-01-20
1329,F4OE,TW2W,825786,2022-01-19
1330,MR4J,Z9FW,17030,2022-01-13
1331,0836,MR47,837618,2022-03-18
1332,F89L,FHXC,349556,2022-03-15
1333,RJJU,4S2A,467417,2022-02-13
1334,L4OQ,PQSV,970179,2022-01-10
1335,0OVK,PCS5,203929,2022-03-18
1336,NKMK,DG42,922080,2022-03-06
1337,PHQ8,6OX7,173982,2022-02-23
1338,NJ6E,M4OD,400290,2022-03-28
1339,JPKI,SF5K,368015,2022-03-20
1340,8AWK,PS10,968887,2022-02-22
1341,LJE2,Z859,143966,2022-03-14
1342,ACEH,TNI9,462970,2022-01-03
1343,QUXQ,4748,761067,2022-03-16
1344,U0DL,ZUS5,572860,2022-02-24
1345,4VX8,LORQ,760570,2022-01-06
1346,3URO,9JYL,907594,2022-03-27
1347,75F7,DX6H,591781,2022-02-08
1348,BEYR,O8CO,901147,2022-03-13
1349,XFHK,1ACT,514255,2022-02-18
1350,7LB3,0RCQ,951243,2022-03-21
1351,W9F9,9HBX,228641,2022-03-05
1352,STBL,99XZ,840237,2022-01-23
1353,LDHZ,1V0M,281025,2022-02-05
1354,DKY2,E6BS,64841,2022-02-11
1355,5HEX,TZ75,341099,2022-03-03
1356,OHTQ,CNX2,950449,2022-02-20
1357,2N1O,CY2P,843928,2022-03-09
1358,P62U,FI1H,444596,2022-01-26
1359,Y4P7,1DKA,935623,2022-03-03
1360,0EO3,GR6W,866966,2022-03-30
1361,WWY9,7M7F,736134,2022-03-07
1362,JVQ3,YZP2,85134,2022-01-26
1363,G44L,K441,984038,2022-03-16
1364,LUWN,BY2N,362914,2022-01-03
1365,HHAF,QB52,479222,2022-03-20
1366,SEZ0,DZO4,600944,2022-02-13
1367,O0CV,ZSR4,601095,2022-01-23
1368,2EEC,2VM9,344629,2022-02-09
1369,75F7,C8KE,164629,2022-01-02
1370,LX1N,SSXT,431763,2022-03-29
1371,O28U,LORQ,572962,2022-02-11
1372,7VDA,TVW0,740657,2022-02-12
1373,BKR7,ADKR,272509,2022-02-16
1374,N4Y4,GUCQ,658049,2022-03-17
1375,2PGE,38TT,358208,2022-03-01
1376,JWTU,J1AY,635199,2022-01-23
1377,RCHD,GSL3,3781,2022-01-25
1378,RXHN,KK7F,781582,2022-03-03
1379,V1NG,8SUE,802413,2022-01-18
1380,FKXU,NSGL,272154,2022-01-26
1381,OAF5,WYN6,997037,2022-01-27
1382,KH69,J43P,474942,2022-02-04
1383,XG6R,OFTJ,204817,2022-02-14
1384,2D07,RJJU,85094,2022-03-25
1385,7AT7,RN42,406238,2022-02-04
1386,7BO4,LKDV,349828,2022-03-20
1387,BKR7,1LG5,693477,2022-03-12
1388,0FSX,GGRU,20804,2022-03-24
1389,SXR0,16XE,856573,2022-01-31
1390,EMVT,9S1L,864070,2022-02-02
1391,ZR36,W202,494133,2022-01-08
1392,WZTX,3Y57,499136,2022-03-19
1393,9U98,DB2C,325383,2022-03-14
1394,XSZC,4VX8,608833,2022-02-04
1395,NAMG,6PLT,324623,2022-03-14
1396,LRJM,8K3M,353076,2022-01-31
1397,8R8O,YPND,411842,2022-01-16
1398,5ZXK,DK8W,27098,2022-03-25
1399,HXNG,IKAT,611229,2022-01-02
1400,DUDG,YPBP,665605,2022-01-26
1401,JG27,O2GG,415567,2022-03-02
1402,48HG,WVKA,478634,2022-02-23
1403,P1JO,4UK8,512092,2022-03-18
1404,8KZS,WGYF,22524,2022-01-02
1405,1CK2,JKSN,37048,2022-01-08
1406,40CV,L0YN,129976,2022-01-26
1407,8EV8,GJ7Y,290417,2022-01-07
1408,JSMR,UBOP,735030,2022-03-04
1409,9VAA,FU8A,123067,2022-01-27
1410,11D9,OGKB,352526,2022-03-01
1411,ESWQ,YIVU,989956,2022-03-01
1412,V025,DUWN,343539,2022-03-11
1413,I56C,NSGL,808500,2022-03-26
1414,0DB0,6R15,78580,2022-02-28
1415,FVOI,M7TX,579584,2022-03-26
1416,QDVL,KTXR,948819,2022-01-04
1417,6DAN,25KW,196452,2022-03-16
1418,7Y6D,ONI2,365745,2022-01-07
1419,31XA,RU8D,943128,2022-02-11
1420,MHN2,XOG4,439096,2022-02-24
1421,05BI,0VMI,564811,2022-03-30
1422,VE78,S6BC,973214,2022-02-01
1423,TNI9,VK4G,930162,2022-01-23
1424,PZJM,C4C3,717909,2022-01-03
1425,J503,66ZJ,85943,2022-03-09
1426,6QXX,HQZC,431345,2022-02-02
1427,THES,7WOU,374048,2022-02-19
1428,9YEE,KSD5,529286,2022-03-15
1429,LRLF,J9R9,668172,2022-02-11
1430,HAZI,YX51,121746,2022-01-27
1431,7L65,RUT8,76467,2022-01-13
1432,3Y7X,6RRB,679976,2022-01-03
1433,OUAZ,MRMB,604557,2022-03-18
1434,6YJ6,JTW6,11684,2022-03-24
1435,62MP,6DMK,82574,2022-03-30
1436,UOY0,GSDO,782791,2022-01-29
1437,QJRQ,TKOG,463624,2022-02-17
1438,8KKN,KBI6,185773,2022-02-28
1439,DB92,QOZP,859688,2022-02-11
1440,1SSM,O8CO,895208,2022-01-22
1441,6M39,NNWA,868418,2022-01-09
1442,CRZR,5DQP,222422,2022-01-11
1443,QQ0I,TRGF,666282,2022-02-12
1444,9N18,E59U,362603,2022-01-22
1445,OPVA,YP3U,607537,2022-02-27
1446,05DB,SGOO,432639,2022-02-18
1447,7QFY,2T4E,809600,2022-02-16
1448,H3N0,F6P7,230318,2022-03-25
1449,UOZP,92ZB,901328,2022-01-13
1450,6IHB,QTQB,4928,2022-01-04
1451,SEZ0,1IZ1,979774,2022-02-15
1452,4H2P,AMH5,843469,2022-01-14
1453,75F7,J5OD,222102,2022-02-08
1454,7PR6,C1J5,154394,2022-02-27
1455,D4D5,FKXU,58752,2022-03-18
1456,U95G,NTAL,642904,2022-02-08
1457,GZ8J,DQ2V,180720,2022-01-26
1458,SBY6,1UFC,889694,2022-01-17
1459,VTL4,8SUE,188892,2022-02-27
1460,5A58,VLQJ,779428,2022-01-09
1461,X84A,NTUH,323239,2022-03-06
1462,CXFV,Y9TH,778684,2022-02-13
1463,CB8U,2OFM,535069,2022-02-03
1464,C4IT,GHFW,473559,2022-03-02
1465,ZBNE,ZSTU,872665,2022-03-11
1466,Z9QZ,NE6O,339469,2022-03-23
1467,AWF0,TGSA,557549,2022-01-29
1468,P70A,0EO3,543101,2022-01-21
1469,ORBQ,GW4Y,230239,2022-01-07
1470,L0UE,DZJ8,536898,2022-03-13
1471,OKT8,31TA,768740,2022-01-02
1472,KKTA,38XZ,176564,2022-02-10
1473,3YNX,UQA6,218015,2022-01-05
1474,NKYF,LPII,235890,2022-01-19
1475,KK7F,FUTV,419818,2022-03-31
1476,UDUS,ZE7X,694207,2022-01-29
1477,3YI2,XV0R,446626,2022-01-08
1478,31WT,X62Y,559153,2022-01-08
1479,X9Y5,2T4E,195014,2022-02-27
1480,1WDB,KR1M,871953,2022-02-24
1481,MWAQ,PL2L,507150,2022-02-13
1482,ASVY,5JUL,305435,2022-03-14
1483,ADRG,B8WU,887444,2022-02-15
1484,ONFF,35X5,689448,2022-01-24
1485,FUTV,EV2M,186406,2022-02-22
1486,4748,BNBT,887971,2022-01-20
1487,X8W5,7LB3,135839,2022-03-18
1488,BFJZ,XJSG,992731,2022-01-08
1489,WYN6,JYBH,838478,2022-03-18
1490,C375,ZP7X,341773,2022-02-21
1491,FHGS,6HN2,691989,2022-01-06
1492,BO2N,58B9,659743,2022-01-21
1493,JCCN,35X5,782683,2022-02-04
1494,IZXV,CY0F,802386,2022-02-04
1495,NMVF,65F4,21905,2022-02-17
1496,ASVY,JWVF,802737,2022-01-11
1497,NHR6,SIMU,780210,2022-01-14
1498,N253,L1IA,700131,2022-02-16
1499,S3IH,JWPD,430683,2022-02-14
1500,XZV8,4JUH,927518,2022-02-26
1501,KOWJ,Z60R,139687,2022-01-06
1502,05H9,658E,689093,2022-03-15
1503,Y1OW,0VMI,473463,2022-01-05
1504,4S1A,UYS7,451371,2022-03-16
1505,DSJ8,92ZB,59632,2022-02-23
1506,IB24,UFIY,909926,2022-01-21
1507,1LJ5,291O,112789,2022-02-09
1508,WQXZ,O9AI,185581,2022-02-06
1509,5HEX,O94A,419721,2022-01-13
1510,MVVE,MZVV,316035,2022-02-04
1511,RJJU,7L5Y,193298,2022-01-24
1512,A5EX,PAQC,644569,2022-02-19
1513,E8NT,C4QX,598461,2022-01-26
1514,LQR9,WLX5,165506,2022-01-03
1515,CF97,2Y9F,839847,2022-02-18
1516,MZD1,68NN,753406,2022-03-19
1517,NCQF,JCCN,391682,2022-03-22
1518,0PPG,MMMN,48292,2022-02-09
1519,L90O,IGYM,250518,2022-01-27
1520,ID4K,UCO0,424507,2022-01-17
1521,PRER,0YZI,105570,2022-02-05
1522,HQZC,ER5M,470575,2022-03-04
1523,MSHO,WZTX,885422,2022-02-17
1524,QRBZ,CQCS,236018,2022-01-06
1525,24VZ,M2ZQ,193415,2022-03-04
1526,FDP7,CBLI,64512,2022-01-16
1527,WCBM,MBG4,44316,2022-01-08
1528,K35M,2HRY,977057,2022-03-19
1529,A9TI,WL67,205680,2022-03-19
1530,J43P,HFCD,63983,2022-02-06
1531,Q7JB,10PH,668873,2022-01-28
1532,93BY,UNK5,451672,2022-01-22
1533,NLNM,UT7S,219610,2022-01-15
1534,Z5A5,8SKY,614787,2022-03-12
1535,YIVU,2KG2,746185,2022-02-09
1536,PFF4,L56L,404660,2022-03-24
1537,92Y6,46HD,373822,2022-03-13
1538,CEWX,YVT1,648516,2022-03-04
1539,2XP9,IU91,383430,2022-03-09
1540,R07Y,VPQ2,982713,2022-03-10
1541,GZKR,AAGJ,188377,2022-03-30
1542,H1I2,NHR6,547809,2022-03-31
1543,67PE,Y2BT,942991,2022-02-08
1544,NNQG,U325,649223,2022-01-29
1545,QRBZ,A96Z,223762,2022-03-27
1546,JAMI,TPR5,319982,2022-03-30
1547,K67O,24A6,449921,2022-01-25
1548,0YBF,V374,618452,2022-02-04
1549,GMQE,Q0AX,336511,2022-01-16
1550,I2M6,IYTR,648016,2022-01-05
1551,V6I9,14F7,771249,2022-03-22
1552,TKPA,KTXR,721993,2022-01-28
1553,K7U0,3UG4,296480,2022-01-10
1554,TJ2I,S6BC,228528,2022-03-13
1555,A5CI,BFR3,456696,2022-03-07
1556,RG9F,2HRY,956833,2022-03-20
1557,CC8F,2KG2,592788,2022-02-27
1558,IXFV,EYWR,563315,2022-02-28
1559,Y9G6,HQJH,205102,2022-02-17
1560,RZID,AR2V,953390,2022-02-26
1561,PBCH,9JDR,805965,2022-02-26
1562,7UWC,RYHX,709063,2022-03-07
1563,LH5E,7DV9,994666,2022-03-30
1564,YFSM,HTZJ,925541,2022-01-15
1565,NLNM,DJNH,430020,2022-02-28
1566,8PWE,T4LT,19669,2022-02-06
1567,8PWE,PD4L,837070,2022-01-19
1568,TRIU,6P6I,145471,2022-02-19
1569,J8RT,00XR,554176,2022-01-30
1570,LL1F,A248,815471,2022-02-10
1571,XUM7,73O8,865558,2022-03-01
1572,LX1N,8LCF,568607,2022-02-04
1573,L3A5,6N52,670504,2022-02-04
1574,L56L,4T08,212410,2022-01-28
1575,BEZM,71J9,616234,2022-01-06
1576,839X,JBLM,563307,2022-03-03
1577,JCCV,BLYR,738188,2022-01-07
1578,OXKZ,UQ6N,486797,2022-02-09
1579,3HMG,X6A8,882481,2022-03-27
1580,FYEU,TCR6,60353,2022-03-09
1581,TMDH,5YLE,156694,2022-01-12
1582,7NYE,FFK2,546339,2022-01-06
1583,P0ZG,WIC6,739432,2022-01-30
1584,GSOT,ENV8,529455,2022-01-20
1585,NHR6,V1JC,889717,2022-03-07
1586,5VMB,58B9,649094,2022-02-05
1587,WTRA,7EIF,430731,2022-02-09
1588,XBZP,65L7,781503,2022-03-14
1589,PRER,80Z8,980997,2022-02-01
1590,5XUA,LUWN,553382,2022-01-28
1591,ISW7,SF5K,388458,2022-01-06
1592,8B6H,ZUS5,608985,2022-02-15
1593,H44X,55FR,133172,2022-01-03
1594,9VU4,67PE,513527,2022-03-28
1595,CYRD,4U2N,421854,2022-02-11
1596,38XZ,1D41,96327,2022-03-11
1597,A6RO,HR4P,154531,2022-02-17
1598,SWWA,VGSX,816567,2022-02-13
1599,9J3S,1UWT,127036,2022-01-24
1600,XVVU,4G0U,887727,2022-03-30
1601,0IRT,MVFS,334004,2022-02-25
1602,U33S,UBVX,995455,2022-03-06
1603,QKL9,3QK6,501440,2022-03-29
1604,66QP,K5P4,952519,2022-03-19
1605,4S2A,KUBG,425202,2022-03-14
1606,V614,WS97,153464,2022-03-12
1607,PJ3G,4YC3,171200,2022-02-16
1608,2XP9,5AUW,2111,2022-03-01
1609,J0DE,BKR7,663873,2022-03-30
1610,J9R9,Z859,636552,2022-02-11
1611,2UPR,RIF0,739861,2022-03-15
1612,9S1L,HFRP,326969,2022-03-18
1613,1XOI,MR47,311846,2022-01-16
1614,21V1,1CCI,834843,2022-03-19
1615,1LG5,KOWJ,396158,2022-03-03
1616,G8TX,DCN8,245445,2022-02-19
1617,2QDL,1IZ1,774895,2022-03-18
1618,4UK8,Y1BU,403743,2022-01-11
1619,H4DE,NKYF,537472,2022-01-14
1620,O28U,ZOJZ,314302,2022-01-24
1621,IZJL,3JFD,529047,2022-02-04
1622,0JM4,9SU6,540366,2022-01-26
1623,99H0,Q0ET,425408,2022-01-22
1624,UNWA,LKDV,152484,2022-01-10
1625,ADEV,1CK2,879110,2022-02-26
1626,2B82,UCP8,785205,2022-01-26
1627,OIYU,X6A8,274593,2022-01-30
1628,8POF,IM5A,592045,2022-03-19
1629,GKFU,R0DD,787634,2022-03-26
1630,ODQI,N2NF,479014,2022-03-16
1631,5VMB,5G74,409536,2022-01-25
1632,PNWK,E20D,672012,2022-01-07
1633,9VBJ,90JQ,208790,2022-03-05
1634,S3IH,RIPA,115050,2022-01-19
1635,SIEI,SGOO,575552,2022-01-14
1636,3YI2,CXSS,209480,2022-03-26
1637,0O5F,AWDZ,484105,2022-02-10
1638,8IQY,ZFWN,789830,2022-01-31
1639,YSNT,L90O,576811,2022-03-25
1640,IS9P,73N5,870242,2022-01-20
1641,TKOG,EYFM,157926,2022-03-02
1642,09OL,Y6EA,814317,2022-03-28
1643,TXJB,XXEC,990590,2022-01-24
1644,ZWP6,TPBF,558495,2022-01-30
1645,6DAN,3YNX,28706,2022-03-21
1646,W2NI,TPBF,787407,2022-01-11
1647,LTT2,U7GB,269728,2022-01-24
1648,GZKR,BMG4,759754,2022-03-22
1649,B3BR,HXOT,489558,2022-03-23
1650,KVVK,B196,790758,2022-03-25
1651,10GW,08LB,132127,2022-03-23
1652,6T3B,6GW6,713613,2022-02-02
1653,SXR0,5K5L,325648,2022-03-11
1654,3D1J,YZP2,948494,2022-01-12
1655,LORQ,HAZI,870888,2022-03-16
1656,F51U,S0S6,731785,2022-01-21
1657,FV8X,NKMK,147911,2022-03-13
1658,IH0I,T0FH,703116,2022-03-12
1659,CNX2,Q7JB,555849,2022-01-12
1660,X5NL,SKFS,214668,2022-02-07
1661,S4Q1,3GBR,516592,2022-02-17
1662,UFNU,7UWC,991804,2022-02-27
1663,Z9QZ,2M2F,76183,2022-02-01
1664,55FR,I128,434594,2022-03-09
1665,QE5Z,TXJB,526287,2022-02-19
1666,KLRC,EUMB,971817,2022-02-24
1667,FVOI,PNWK,365121,2022-02-02
1668,RDC3,G2PJ,737439,2022-03-25
1669,TRGF,PZHL,201984,2022-01-08
1670,214W,9IOL,337740,2022-02-11
1671,L0YN,J3EM,6032,2022-02-02
1672,RL7H,NP1W,415011,2022-03-02
1673,LDHZ,3IIK,294657,2022-03-27
1674,CB39,O0CV,641166,2022-03-16
1675,6ITE,BWEB,327644,2022-01-04
1676,5M0Y,O919,119252,2022-02-06
1677,AG5S,5XUA,143200,2022-03-03
1678,A248,HTMT,455896,2022-02-16
1679,A0VC,LEQ2,960711,2022-01-29
1680,KA5M,0YBF,463840,2022-01-02
1681,3R0T,DJFA,476659,2022-01-21
1682,M639,83Z6,743330,2022-03-22
1683,NFGP,AWVW,590107,2022-03-11
1684,C1VB,3RJK,441883,2022-01-17
1685,0O5F,9HO1,860959,2022-03-30
1686,BZNS,I0IT,448275,2022-02-16
1687,J1AY,CTRV,231095,2022-02-26
1688,EIU5,U9SP,619810,2022-02-05
1689,BF6Q,JK07,368673,2022-02-20
1690,JBLM,UE75,255401,2022-02-01
1691,OGE4,8DXA,375214,2022-03-27
1692,LZ46,VLPL,930382,2022-03-14
1693,78JC,DZZA,53715,2022-01-26
1694,BTJJ,NTAL,396377,2022-01-18
1695,5ZXK,GRG0,338943,2022-03-10
1696,GSOT,H3N0,674659,2022-03-22
1697,ZMFJ,H3N0,191556,2022-02-17
1698,BBJN,U7UU,897598,2022-02-27
1699,7CT7,CXFV,602678,2022-03-16
1700,1LJ5,0UDL,258162,2022-01-31
1701,Y78W,GRG0,856768,2022-03-21
1702,2ASC,XYGB,65454,2022-03-25
1703,FCDP,YRCO,218825,2022-02-14
1704,K3CT,WS97,355982,2022-03-28
1705,U7GB,NLFN,330570,2022-01-13
1706,A2GI,WPDT,577640,2022-01-31
1707,TVW0,V96K,34249,2022-03-01
1708,6V6P,IRCQ,347203,2022-03-23
1709,GGC0,O9LD,763035,2022-02-26
1710,FSXZ,JVQ3,224321,2022-02-06
1711,AXW6,ZKAW,567641,2022-02-21
1712,N0L3,BFW1,99706,2022-01-25
1713,YZTL,K4KK,110840,2022-03-07
1714,65L7,T2O2,520143,2022-01-13
1715,YHTE,NRYH,529190,2022-02-09
1716,B5AI,BMWE,617977,2022-03-19
1717,TDV5,V3CG,831203,2022-03-03
1718,182Q,2N1O,7679,2022-03-10
1719,WTP4,81AC,127648,2022-03-31
1720,P42O,65F4,379134,2022-02-21
1721,NLFN,BRJT,607667,2022-01-03
1722,25KW,OWNR,606182,2022-02-21
1723,XS9U,X60F,681706,2022-02-15
1724,PD4L,TJ2I,105569,2022-02-08
1725,SXR0,XT8V,1582,2022-03-05
1726,55FR,J223,132173,2022-03-08
1727,HVEY,HUCC,605439,2022-02-21
1728,NRYH,B5DT,803835,2022-03-15
1729,U5P3,G4PP,649209,2022-03-23
1730,F32S,DWEF,807773,2022-02-25
1731,B66N,J2GH,833308,2022-03-15
1732,HG4M,VPQ2,266329,2022-02-20
1733,7C19,3UG4,499294,2022-01-29
1734,U5Z5,Z5FA,897542,2022-01-12
1735,4S1A,MVBT,917404,2022-01-19
1736,A050,KLH7,395650,2022-02-21
1737,R0DD,QB52,598363,2022-03-15
1738,X9WX,ISRQ,112982,2022-03-29
1739,35RS,BKLJ,918134,2022-02-19
1740,ZS78,PAQC,667402,2022-02-28
1741,FVT9,8AWK,773328,2022-03-04
1742,LMAH,GP6X,99615,2022-01-01
1743,4WU6,Z5A5,569425,2022-03-10
1744,3ED3,3FLP,291276,2022-02-28
1745,1UWT,85MX,788521,2022-02-06
1746,6SUR,BKTS,749058,2022-03-15
1747,CQHZ,J14D,990187,2022-02-20
1748,MWAQ,LDRR,601791,2022-03-15
1749,CEKP,NKMK,627719,2022-02-14
1750,8QY4,9B1T,77059,2022-02-27
1751,N0L3,XZY7,884821,2022-03-12
1752,QCXZ,DU89,477359,2022-03-13
1753,9LBL,9DJX,794594,2022-03-12
1754,V9GG,HB4Y,810253,2022-01-24
1755,GM5O,AQ1G,79330,2022-01-25
1756,9OED,PNWK,621837,2022-02-20
1757,J9OZ,Q9OY,831919,2022-01-27
1758,1X4E,1JZA,117189,2022-02-11
1759,LSG0,3134,175535,2022-01-19
1760,CXHA,RDC3,266501,2022-01-22
1761,JZQG,7F4J,100445,2022-03-29
1762,3DEH,6QYT,501517,2022-03-14
1763,JH2F,F51U,982965,2022-02-04
1764,WMGW,BK2L,479298,2022-02-01
1765,NXE7,U1FU,898233,2022-01-14
1766,65F4,AOMN,726875,2022-01-03
1767,PU4Y,3LDN,11171,2022-01-24
1768,QX3J,Z43Z,658605,2022-02-26
1769,BO4G,3X78,901125,2022-03-16
1770,VZGH,BL6M,334015,2022-02-20
1771,OEYK,IR3B,678598,2022-01-22
1772,66ZJ,Z859,539687,2022-03-19
1773,ISW7,J5OD,939083,2022-02-22
1774,RCYD,TX8M,581197,2022-02-14
1775,L8MA,53G0,679881,2022-01-04
1776,7E0A,8374,554656,2022-02-01
1777,1CCI,PAQC,933503,2022-03-01
1778,ZU13,QUXQ,879188,2022-03-01
1779,Z7KS,AVTE,891561,2022-01-01
1780,DUDG,L3J6,505553,2022-01-08
1781,0UDL,MUXX,992007,2022-02-20
1782,8AG8,MMMN,286860,2022-03-14
1783,RXGM,4748,611895,2022-01-20
1784,B3BR,5S5U,244564,2022-01-20
1785,6PLT,BBV4,870689,2022-01-21
1786,N4Y4,3A87,800288,2022-02-01
1787,BII6,O2G3,167356,2022-01-11
1788,7LV4,3KRI,879858,2022-03-22
1789,EQWV,RUB5,961473,2022-02-27
1790,E9TT,NI1X,98532,2022-01-19
1791,F51U,ZJFO,491565,2022-01-18
1792,JXFL,MZB6,438720,2022-03-27
1793,TV8G,JWPD,9240,2022-02-26
1794,Z63P,ZO4Z,771450,2022-01-03
1795,2AR1,CQCS,641901,2022-03-13
1796,PBCH,93RE,26751,2022-03-29
1797,T2Q8,B5DT,79975,2022-02-13
1798,Y2BT,JFMP,62440,2022-02-02
1799,1ZFU,AFF8,689472,2022-02-12
1800,C4C3,BZNS,645786,2022-01-10
1801,99H0,TIL7,254043,2022-03-06
1802,T61G,3VJ7,905381,2022-03-06
1803,JXFL,8GEU,755754,2022-02-16
1804,48FN,1LJ5,811887,2022-03-18
1805,JB39,65KR,171235,2022-01-13
1806,NM3L,LZ46,230277,2022-01-17
1807,P62U,XYU4,269387,2022-01-30
1808,F5YD,HNQ1,393336,2022-01-19
1809,Y75V,Y9K8,303294,2022-01-15
1810,0FSX,LRJM,643818,2022-01-14
1811,WRIU,BLYR,770744,2022-03-18
1812,JPKI,H4DE,928446,2022-02-17
1813,J5OD,N4YU,711977,2022-01-30
1814,94MB,PRAZ,223134,2022-03-28
1815,SXCX,65KR,943929,2022-03-09
1816,O1DI,06YU,920701,2022-02-06
1817,PJ75,AQ1G,5401,2022-03-16
1818,5NME,YUZ6,445918,2022-02-24
1819,MA0G,3S0F,682636,2022-03-12
1820,0JM4,S0J4,455917,2022-02-19
1821,VA9F,4JRD,662455,2022-01-05
1822,Q7ZH,FEWP,668695,2022-02-05
1823,WLSF,0GRZ,753782,2022-02-23
1824,EB2M,J96P,311533,2022-02-13
1825,FEI8,Q9OY,588603,2022-02-18
1826,CY0F,U9SP,595461,2022-02-14
1827,1X4E,0HF8,500666,2022-01-18
1828,2765,XNG5,461010,2022-03-26
1829,B9H6,WCBM,594630,2022-03-24
1830,40CV,TX8M,439065,2022-03-14
1831,ID4K,UBIU,506193,2022-01-30
1832,CXFV,KDMR,255445,2022-01-12
1833,350X,IXFV,995333,2022-02-25
1834,NC6C,3B5T,830236,2022-01-12
1835,HQJH,VG7L,942518,2022-02-01
1836,0POJ,PAQC,827798,2022-01-10
1837,XIKL,GR87,417299,2022-02-08
1838,KA5M,HXOT,670141,2022-03-06
1839,Q5JM,R5K7,178716,2022-02-14
1840,LW6Q,DU8U,392446,2022-03-16
1841,3N9H,C7QP,737485,2022-01-07
1842,DG42,DBML,49655,2022-02-22
1843,33F7,J8RT,562101,2022-01-14
1844,N4YU,5935,707934,2022-02-05
1845,1X4E,8B7M,619939,2022-03-29
1846,9VBJ,D4D5,238079,2022-03-09
1847,GP6X,5FX6,218062,2022-03-08
1848,P34B,QDVL,503236,2022-02-23
1849,0WHL,5NME,61113,2022-01-01
1850,9HBX,JCCN,357970,2022-02-02
1851,W4HR,IZGH,853858,2022-03-23
1852,LYKO,5PUV,465976,2022-03-05
1853,LPII,7IE1,548325,2022-01-18
1854,WRPV,GXHV,607110,2022-01-12
1855,YWUY,NA5W,444661,2022-03-18
1856,LKFF,PFMJ,611040,2022-01-15
1857,1OKG,DUXT,990780,2022-01-28
1858,ODQI,V1KX,248193,2022-03-20
1859,FIWD,ZD6R,553736,2022-01-10
1860,NUKJ,SIMU,186334,2022-02-26
1861,HQZC,QMXC,465132,2022-03-16
1862,6ZJ2,3TPP,393438,2022-03-22
1863,W8W8,PNJP,279300,2022-03-29
1864,V2MK,0GK4,429711,2022-02-18
1865,NQBM,1WJZ,682571,2022-03-13
1866,K8NV,2Z6X,789709,2022-01-04
1867,9Y9A,BZ9F,502101,2022-02-05
1868,VL4R,25JU,729143,2022-03-20
1869,5KRO,U325,123620,2022-01-10
1870,ZNNY,I5U9,737592,2022-01-19
1871,JDX1,UBRY,677255,2022-01-29
1872,PAQC,AX4L,370667,2022-02-01
1873,OADL,UNHD,897961,2022-01-12
1874,1R9A,KO58,530199,2022-03-17
1875,SWWA,XS1A,499514,2022-01-03
1876,31XA,ZBNE,542067,2022-01-21
1877,NRXH,T0FH,641013,2022-01-23
1878,X5NL,RWQE,770323,2022-03-05
1879,H8ZJ,GOGN,703285,2022-02-18
1880,KY1B,QJRQ,412184,2022-03-03
1881,CF97,Z3QY,214600,2022-02-20
1882,BTJJ,6EXP,413566,2022-01-05
1883,3TPP,DZJ8,188186,2022-01-05
1884,II2M,2D07,9916,2022-01-12
1885,Q5LN,0NY2,413010,2022-01-06
1886,LTL3,33RT,904528,2022-03-09
1887,ZVPS,NOSG,418831,2022-01-25
1888,CQCS,U5P3,422966,2022-03-29
1889,4VD9,X62Y,550081,2022-02-16
1890,FS82,8VYE,399059,2022-02-04
1891,0522,0P7K,463748,2022-02-22
1892,FECX,YCSW,704996,2022-02-01
1893,3D1J,QEPC,842071,2022-01-24
1894,I1ZU,HQJ2,708668,2022-03-07
1895,NFGP,8L27,858910,2022-02-10
1896,B9H6,ULUL,216895,2022-02-03
1897,KTXR,Z7KS,955121,2022-01-30
1898,NKPC,2LZJ,701180,2022-02-26
1899,5Y4C,48HG,631474,2022-02-04
1900,V7L8,T15U,268109,2022-01-13
1901,25JU,61PO,400073,2022-03-08
1902,J223,QOZM,330955,2022-01-04
1903,C7QP,WIJQ,923567,2022-01-04
1904,3QR9,WYN6,196805,2022-03-06
1905,GGRU,ZSTU,892649,2022-02-10
1906,ZWJS,2VV0,658470,2022-02-08
1907,405B,65L7,890456,2022-02-19
1908,YFT6,6DAN,580881,2022-01-20
1909,1G3Y,PHBQ,17270,2022-02-12
1910,9B1T,J8RT,56548,2022-03-01
1911,UOZP,839X,812746,2022-03-08
1912,RBTC,6J3N,797846,2022-02-13
1913,HXNG,CFTK,185185,2022-02-25
1914,8Z4L,HR2V,31022,2022-01-08
1915,ORR8,RDC3,142897,2022-02-16
1916,25JU,1125,283305,2022-01-03
1917,0128,1G3Y,591764,2022-01-08
1918,1D96,19HJ,656710,2022-02-26
1919,TSIT,ZV4W,423697,2022-03-25
1920,58W3,8D0Q,704967,2022-03-02
1921,1WDB,1125,156797,2022-02-22
1922,IOH6,HAGI,769198,2022-02-25
1923,RIF0,5RCN,393986,2022-03-08
1924,0EO3,EV2M,748822,2022-02-08
1925,PV17,BWEB,537830,2022-03-11
1926,VA9F,SGGO,313091,2022-03-29
1927,QRYB,20OE,303989,2022-03-24
1928,Y1OW,WUBN,966179,2022-01-18
1929,BSVN,EKWP,818673,2022-02-26
1930,DW57,IBY6,370104,2022-03-09
1931,S3IH,X938,654348,2022-02-05
1932,19HJ,WVKA,213543,2022-01-08
1933,1YA0,9JFN,422986,2022-03-01
1934,AGQU,LYGS,899907,2022-02-02
1935,Y68J,U8DR,741550,2022-03-09
1936,TAZ5,YHTE,253461,2022-01-04
1937,3RJK,9LBL,407987,2022-03-09
1938,8RMZ,3QK6,537482,2022-01-06
1939,1WDB,M6HZ,643683,2022-03-23
1940,LPII,Q0ET,696547,2022-02-14
1941,KUJA,LH5E,424232,2022-03-04
1942,IS9P,H9CJ,105822,2022-02-18
1943,DB2C,CQHZ,804046,2022-01-25
1944,X62Y,1BHW,933166,2022-01-13
1945,OYWJ,FHXC,29624,2022-02-12
1946,9MGT,RGNP,42371,2022-01-28
1947,SIDD,B3BR,292537,2022-01-22
1948,SNGO,X62Y,537344,2022-02-27
1949,EJNL,G8G0,225420,2022-02-25
1950,PV17,7F71,469194,2022-02-08
1951,MMMN,CWUO,430946,2022-01-08
1952,6M39,9H7H,364400,2022-03-09
1953,Q9OY,5Q41,157648,2022-03-13
1954,BDII,PCMN,569903,2022-01-14
1955,NYSW,67DI,3737,2022-02-01
1956,HPWL,O8UV,275048,2022-03-17
1957,XGNQ,VD77,517765,2022-02-11
1958,LSDT,8QK3,433755,2022-01-21
1959,VSLB,W8W8,852948,2022-01-16
1960,QDVL,0POJ,154868,2022-03-18
1961,ZP7X,R02I,996191,2022-03-12
1962,KNBC,N0L3,310950,2022-03-09
1963,UCP8,I2M6,185643,2022-01-12
1964,EQWV,EUMB,929520,2022-02-18
1965,SQ72,ORBQ,846646,2022-02-22
1966,YB1F,2AVX,596269,2022-02-16
1967,1Q0L,5Q41,251869,2022-03-29
1968,PS78,GITG,757560,2022-03-13
1969,3021,YPND,634791,2022-03-03
1970,C8SG,XUM7,855398,2022-03-18
1971,3N9H,KAGA,55783,2022-02-18
1972,5TKS,55N8,987199,2022-01-07
1973,BABI,BY0N,69408,2022-02-27
1974,16XE,IND7,797435,2022-03-16
1975,9DF2,P10D,378794,2022-03-13
1976,0OVK,2LS2,594261,2022-01-30
1977,UNYI,NG4H,94687,2022-02-11
1978,GU8Q,QGS9,749109,2022-01-28
1979,LK1T,UBRY,494321,2022-01-11
1980,IM5A,X18P,874132,2022-02-26
1981,DBML,Q9OY,569325,2022-01-07
1982,MRMB,839X,16751,2022-03-27
1983,84ED,OEDQ,104868,2022-02-04
1984,QW1E,CPM7,725286,2022-03-30
1985,YS6A,J2GH,520343,2022-02-22
1986,KOWJ,8IHM,891533,2022-03-31
1987,B6GH,J3EM,173565,2022-03-30
1988,GM2J,KLZG,254278,2022-02-07
1989,MGQ1,93TX,453603,2022-03-01
1990,GCTK,TQ1Z,74147,2022-01-04
1991,ZVPS,PIOX,625807,2022-01-10
1992,XYGB,IRCQ,494990,2022-03-02
1993,QXHR,5Y4C,648300,2022-01-04
1994,7CAG,ZES9,946115,2022-02-24
1995,IS9P,TD1I,716260,2022-03-13
1996,NZXK,NRYH,279530,2022-02-25
1997,0PPG,6DMK,229115,2022-02-20
1998,QUXQ,TBC8,986201,2022-02-07
1999,5K5L,3WRO,373885,2022-03-18
2000,WFRE,Q7ZH,92035,2022-03-21
2001,33F7,BIOK,443298,2022-03-05
2002,NG4H,V9GG,34218,2022-02-24
2003,0P7K,0JM4,366801,2022-03-06
2004,5EIJ,TD0C,142731,2022-02-06
2005,QQ0I,BZS0,521057,2022-01-13
2006,HVEY,JFMP,94705,2022-01-27
2007,HKWJ,33F7,454608,2022-02-18
2008,UDUS,WET7,124651,2022-03-08
2009,KHFY,Z7T7,177539,2022-02-03
2010,HKDX,NRYH,451677,2022-01-25
2011,I128,8JJ5,744254,2022-01-12
2012,2D07,OODT,504505,2022-02-16
2013,JNXZ,1LG5,784502,2022-01-07
2014,1MUA,RUB5,936441,2022-02-20
2015,LPII,ULVY,513784,2022-03-23
2016,SXR0,23QO,927998,2022-03-23
2017,2QDL,KLX0,796462,2022-03-18
2018,5FB0,X62Y,965057,2022-02-26
2019,6PCS,AMIE,659352,2022-03-16
2020,KLZG,6J3N,878929,2022-03-08
2021,V614,291O,629818,2022-03-11
2022,1SOL,5S54,867360,2022-03-22
2023,DCSL,E7VG,400960,2022-02-19
2024,S0O2,V025,446601,2022-01-08
2025,LFMF,38ZA,484086,2022-01-05
2026,XPZJ,PLZH,135257,2022-01-21
2027,Z3QY,AWDZ,940174,2022-02-20
2028,24A6,53G0,459746,2022-03-03
2029,X0AK,SNX5,63685,2022-01-02
2030,2KG2,FECX,14230,2022-01-06
2031,5K5L,U6BN,280836,2022-03-05
2032,NNH0,XAPT,488314,2022-01-05
2033,BLYR,V01G,309136,2022-03-31
2034,XE1H,57EY,571049,2022-03-12
2035,KHFY,QAEQ,487756,2022-03-29
2036,V1KX,F51U,438950,2022-02-10
2037,0TOR,1F8H,722424,2022-01-10
2038,J9OZ,99BM,588394,2022-03-01
2039,0POJ,9DF2,224989,2022-03-08
2040,UYS7,CPOM,413971,2022-03-03
2041,GBCT,Y68J,638281,2022-02-22
2042,E9TT,QDVL,889963,2022-02-24
2043,F84H,JCCN,507922,2022-02-24
2044,S2OJ,6QYT,994933,2022-01-12
2045,3IIK,CB8U,251958,2022-03-25
2046,PUTN,LJE2,144262,2022-01-26
2047,TD0A,624Q,581894,2022-03-11
2048,2LZ8,WBFK,543191,2022-01-07
2049,MLAU,IZXV,875154,2022-03-28
2050,9M4U,3ESO,469032,2022-02-05
2051,T07Q,U6BN,293786,2022-03-07
2052,E9VD,XV0R,990642,2022-01-25
2053,TDCD,BNBT,18570,2022-03-15
2054,NG4H,KTXR,450566,2022-02-01
2055,BKTS,9F19,588449,2022-03-29
2056,UOY0,KYB3,223491,2022-03-01
2057,H3N0,BIOK,550908,2022-03-07
2058,LFMF,UYPY,432487,2022-03-18
2059,TAZ5,TD1I,459676,2022-03-21
2060,9IOL,9DJX,29742,2022-03-01
2061,ZVKA,FWEG,502870,2022-02-05
2062,U95G,6449,530814,2022-02-19
2063,PCMN,QB52,579639,2022-03-25
2064,69HV,X7NT,332935,2022-01-21
2065,NA5W,XE1H,897486,2022-01-25
2066,TVNU,9J3S,305972,2022-03-02
2067,XU4T,9Y9A,624608,2022-02-20
2068,624Q,Q7ZH,416232,2022-01-25
2069,TX8M,B0C5,153530,2022-03-30
2070,RFET,E8N7,449264,2022-02-25
2071,11HT,AWDZ,316160,2022-01-30
2072,GU8Q,2MB8,733613,2022-02-27
2073,RJJU,A5CI,376336,2022-02-08
2074,53G0,5A0P,412973,2022-03-02
2075,DTNT,8L4Z,265324,2022-03-21
2076,TIL7,V96N,752492,2022-02-13
2077,RFET,HCXY,513943,2022-03-31
2078,RDFM,CF97,9815,2022-02-10
2079,KD2M,NCQF,975495,2022-01-25
2080,B559,7MMS,396739,2022-02-21
2081,72HN,H44N,698922,2022-01-19
2082,NHR6,SNO4,443807,2022-03-19
2083,L4OQ,AOMN,906594,2022-02-27
2084,1LG5,0AEZ,740576,2022-03-07
2085,5Y4C,UE75,46503,2022-03-14
2086,W0AS,Z5A5,782075,2022-01-20
2087,HIZM,T9PS,660569,2022-01-21
2088,FVOI,7CKI,107157,2022-01-22
2089,9734,KO58,704702,2022-02-17
2090,IWJK,7NYE,24355,2022-02-08
2091,8WUX,QTQB,341794,2022-02-24
2092,CEME,6ZJ2,808588,2022-03-27
2093,44QS,YYXE,361961,2022-03-09
2094,KOWJ,V9GG,589177,2022-02-02
2095,3A87,DU8U,408503,2022-02-13
2096,8941,IS9P,869886,2022-03-23
2097,V91O,VC9B,202337,2022-01-14
2098,UQ2U,BUFB,108085,2022-01-25
2099,7LV4,PHBQ,523336,2022-03-06
2100,931R,450N,850257,2022-02-28
2101,FBQT,JBLM,411672,2022-02-06
2102,BL6M,PUDJ,715004,2022-03-05
2103,JB39,J43P,813268,2022-03-25
2104,NXE7,1UFC,79693,2022-03-19
2105,C4IT,UBOP,842494,2022-03-05
2106,JNUS,VE0J,939789,2022-03-12
2107,UBI6,SNX5,15105,2022-02-16
2108,Z3I1,CRZR,266685,2022-01-21
2109,0P7K,OWNR,748644,2022-03-21
2110,5BER,OYWJ,226660,2022-02-14
2111,ADKR,UC7A,705189,2022-03-28
2112,61PO,5OF7,855854,2022-02-09
2113,7I5M,LPII,146490,2022-03-24
2114,8LKW,JZY2,494585,2022-01-10
2115,43HX,XXGG,898882,2022-02-26
2116,G7FL,89F0,237556,2022-03-29
2117,H3N0,1WJZ,393098,2022-01-04
2118,0YZI,AFVD,396621,2022-02-02
2119,45O6,DKY2,818268,2022-01-26
2120,PQOV,I48H,504683,2022-01-22
2121,PZ82,66ZJ,165836,2022-01-31
2122,569B,DJNH,654978,2022-01-08
2123,FCCG,VG7L,909502,2022-01-16
2124,3021,HTZJ,732699,2022-01-01
2125,FHGS,ETDL,750836,2022-03-15
2126,QTAX,8H5Y,499112,2022-01-15
2127,OTBD,A5SY,62004,2022-01-28
2128,DZO4,0BCZ,950155,2022-01-24
2129,182Q,O477,397226,2022-03-11
2130,9VBJ,Y6EA,556514,2022-03-15
2131,HHAF,JA07,467046,2022-02-09
2132,4ACV,J1AY,539104,2022-03-18
2133,9F19,IH0I,497691,2022-01-22
2134,QXHR,U7AE,604346,2022-01-13
2135,91G8,8VCV,427479,2022-03-08
2136,PIXD,3TBK,205648,2022-02-06
2137,WTFG,PKCP,784979,2022-03-12
2138,MGQ1,IRVY,427864,2022-03-25
2139,X92G,9DF2,923436,2022-03-22
2140,26WJ,XCN6,935940,2022-02-02
2141,D8MO,NLNM,111820,2022-03-30
2142,19PF,2LZ8,276546,2022-01-18
2143,839X,X9VV,233679,2022-01-09
2144,OTBD,KDMR,728128,2022-01-17
2145,48SW,85MX,13080,2022-02-07
2146,GQKS,A6BJ,841229,2022-03-20
2147,FP90,4HUJ,451892,2022-01-16
2148,V26Q,C1S4,780354,2022-02-24
2149,QH7U,H44N,137223,2022-03-30
2150,F32S,61PO,801495,2022-01-14
2151,IL6N,405B,288512,2022-02-19
2152,4T0D,QSG6,336614,2022-01-07
2153,5JUL,QXHR,571255,2022-01-03
2154,Q1RR,7M7F,75655,2022-01-16
2155,HQJH,YMEW,675222,2022-01-20
2156,QB4N,4O7E,205824,2022-01-03
2157,5QVK,38XZ,469103,2022-01-10
2158,ZOU2,80M0,181077,2022-03-07
2159,87J8,5G74,727447,2022-02-20
2160,Z3I1,I1ZU,797751,2022-02-11
2161,TMDH,DQ2V,586079,2022-01-08
2162,3R0T,AVWZ,998894,2022-02-20
2163,RPGD,C4B7,401668,2022-01-26
2164,W0AS,2KTW,975288,2022-03-11
2165,BFJZ,OIYU,413486,2022-01-25
2166,PKXN,MA0G,417143,2022-02-26
2167,OHHK,QOZP,166975,2022-03-13
2168,ZH1V,DCN8,889290,2022-01-04
2169,1D41,PRAZ,576459,2022-01-19
2170,2XPP,H857,816704,2022-01-09
2171,RQDF,AXW6,956209,2022-03-17
2172,CZMW,A7PZ,661589,2022-01-22
2173,VLRP,OYTL,994832,2022-03-19
2174,TMUW,724G,303464,2022-01-21
2175,1YA0,TENR,646415,2022-02-17
2176,G2PJ,W4HR,834478,2022-01-24
2177,C4B7,CWKW,393835,2022-01-16
2178,BFJZ,B3BL,919745,2022-03-09
2179,CQHZ,HAGI,999695,2022-01-28
2180,FDP7,Q7OW,172483,2022-03-02
2181,W613,XIKL,932532,2022-02-21
2182,QDLQ,8L27,977916,2022-02-15
2183,98YI,B6GH,813913,2022-02-06
2184,6QYT,P1JO,933509,2022-01-19
2185,MAMU,L7DZ,197174,2022-01-02
2186,3RYV,BNFV,14380,2022-02-27
2187,3LA8,5S5U,888632,2022-02-05
2188,N4YU,XSZC,846829,2022-01-06
2189,PDTC,HXOT,969069,2022-03-02
2190,4YC3,H4DE,312273,2022-03-17
2191,2B82,XUM7,806909,2022-01-06
2192,9NRU,I0IT,915276,2022-01-23
2193,KD5U,ODVS,282974,2022-03-19
2194,1Z8A,LDRR,623056,2022-01-07
2195,H44N,BFW1,495497,2022-03-08
2196,RV9M,RIPA,662357,2022-01-20
2197,ADRG,QDLQ,600962,2022-02-27
2198,3021,C4B7,38065,2022-03-02
2199,G1MP,9YEE,362797,2022-01-19
2200,XS9B,DXPT,991629,2022-02-16
2201,35RS,NNQG,85908,2022-01-19
2202,ZNNY,2WR1,551306,2022-01-23
2203,LSG0,C8KE,632566,2022-01-06
2204,TF0Y,MSHO,964676,2022-01-31
2205,C4B7,BFAL,298514,2022-02-26
2206,DU8U,MHN2,905698,2022-03-10
2207,8H5Y,ZO4Z,702650,2022-01-22
2208,T07Q,MR8A,129924,2022-01-30
2209,2JW7,99BM,381898,2022-03-20
2210,J5OD,11D9,632770,2022-02-25
2211,5QHC,GPN3,480493,2022-03-15
2212,U7GB,STDC,600014,2022-02-14
2213,KZ2Y,0FR3,45271,2022-02-03
2214,DQXA,VLQJ,199675,2022-03-30
2215,BY57,W202,615518,2022-02-03
2216,5YBE,LTT2,947070,2022-01-11
2217,ZMLU,LPII,569793,2022-02-26
2218,JWYA,7T4A,534672,2022-03-16
2219,Y08Y,8LD9,467518,2022-01-23
2220,Q7OW,7LDY,573101,2022-02-01
2221,9QGM,YNDR,957361,2022-01-26
2222,A5CI,JEXQ,670146,2022-03-17
2223,J2GH,DBML,214349,2022-03-06
2224,RCYD,TMDH,311534,2022-03-22
2225,RDFM,BZ24,550148,2022-03-15
2226,QBG6,6P4Y,684959,2022-03-17
2227,KH69,VTLB,730646,2022-03-06
2228,Y9TH,SXCN,23967,2022-02-03
2229,CQ8J,UCTC,274131,2022-01-24
2230,2XP9,XAPT,312960,2022-01-05
2231,O477,683R,575792,2022-01-15
2232,5GZ5,XZV8,560330,2022-03-26
2233,P02K,MH2W,196693,2022-03-05
2234,9UZQ,ZUS5,56498,2022-03-04
2235,UKB6,9Y9A,917762,2022-03-13
2236,27J7,BKTS,156111,2022-02-14
2237,VGSX,8SUE,525720,2022-01-06
2238,V08K,RUT8,814775,2022-01-03
2239,TSHR,DB2C,856119,2022-01-16
2240,JA07,29ED,998391,2022-03-03
2241,7PB8,O0CV,372618,2022-03-06
2242,69HV,0P07,79571,2022-02-23
2243,FP90,AMIE,328941,2022-01-06
2244,EWNP,CF77,956448,2022-01-21
2245,LTL3,LLV1,865515,2022-01-16
2246,9ZEZ,B8WU,372045,2022-03-28
2247,ODVS,C375,947907,2022-01-22
2248,182Q,U325,632030,2022-01-06
2249,XEAC,CRZR,947796,2022-02-14
2250,4Z7L,MH2W,316800,2022-02-28
2251,RTIM,KLH7,589733,2022-03-21
2252,TS4V,82KE,111289,2022-02-27
2253,N9G8,LQVK,479002,2022-03-13
2254,WIJQ,WTNC,349668,2022-02-11
2255,65KR,LDHZ,782314,2022-01-28
2256,UFVI,0HF8,499816,2022-03-18
2257,23QO,QRBZ,114167,2022-01-20
2258,KLH7,BBJN,912539,2022-02-08
2259,RUTK,7CKI,854340,2022-01-15
2260,NA5W,J5OD,729900,2022-02-23
2261,GJ7Y,JKSN,635672,2022-03-09
2262,7L65,RQDF,133268,2022-01-29
2263,YH8D,B8WU,855324,2022-01-02
2264,IQV1,ZMFJ,863673,2022-01-19
2265,23QO,LAV3,897637,2022-02-18
2266,8B6H,5UH6,614956,2022-03-05
2267,6IJ2,W613,672172,2022-01-16
2268,FCCG,764U,402585,2022-01-22
2269,O2GG,IFYB,929741,2022-03-29
2270,RN42,S7KY,389786,2022-03-15
2271,1ACT,X5E9,769018,2022-01-25
2272,HIZM,C2SA,130857,2022-02-13
2273,GUCQ,MUDQ,14085,2022-03-27
2274,1F8H,O2G3,356634,2022-03-03
2275,624Q,Y2CV,677935,2022-01-15
2276,61G0,5DQP,601148,2022-03-01
2277,ZWP6,9RUQ,627038,2022-03-08
2278,7L5Y,LYKO,786970,2022-01-31
2279,DW57,5WLF,604642,2022-02-16
2280,BLHF,PIXD,619913,2022-01-17
2281,3SK1,EV2M,110106,2022-01-10
2282,GB0H,AGQU,229242,2022-01-13
2283,0128,2QS1,852997,2022-03-31
2284,HTZJ,1G3Y,64517,2022-03-24
2285,CPOM,61G0,244144,2022-02-02
2286,WX85,2XAR,844095,2022-03-29
2287,6SUR,CXIG,965037,2022-01-01
2288,9J3S,1X4E,493488,2022-03-13
2289,3HMG,TX8M,131649,2022-03-15
2290,PY1F,8R3O,219775,2022-03-24
2291,X4P1,UQOP,143658,2022-01-20
2292,SBY6,QEPC,955234,2022-03-19
2293,65F4,8VCV,855089,2022-01-10
2294,61PO,EKWP,369330,2022-01-30
2295,CEWX,PKCP,156241,2022-02-17
2296,26G1,7SFB,272285,2022-01-14
2297,CWKW,LW6Q,376945,2022-02-21
2298,7OM4,0CQR,421888,2022-02-06
2299,TSK4,2DDQ,794923,2022-03-04
2300,7C19,VVAU,236025,2022-01-29
2301,K67O,HO5M,135490,2022-03-11
2302,5XXY,91G8,403947,2022-03-05
2303,GRG0,3NQF,740137,2022-01-14
2304,I47W,KCA7,219211,2022-01-28
2305,8KZS,9ZCJ,991811,2022-03-25
2306,XCUM,5R5U,272648,2022-02-19
2307,RTIM,6449,798592,2022-01-15
2308,IRCQ,LORQ,370538,2022-02-05
2309,SXR0,04LK,161866,2022-03-25
2310,61PO,NJ6E,421243,2022-03-23
2311,AOXW,JDX1,289074,2022-03-03
2312,0O5F,996T,549569,2022-02-26
2313,NIAQ,GRG0,228119,2022-01-02
2314,DB92,J2GH,342934,2022-03-18
2315,FP90,ASVY,316413,2022-01-16
2316,TSIT,NTAL,27715,2022-01-16
2317,5WLF,RG9F,831321,2022-03-18
2318,PV17,B559,527744,2022-02-06
2319,KYXE,8J3H,696865,2022-02-03
2320,PXC6,RBUL,669633,2022-01-22
2321,QGS9,OTBD,304714,2022-01-12
2322,CQ8J,NLNM,595654,2022-01-24
2323,RDC3,WI69,675023,2022-01-25
2324,OADL,5KRO,769830,2022-03-26
2325,JK07,QTQB,239739,2022-02-11
2326,0JM4,U8DR,865536,2022-01-10
2327,H44N,TSK4,241267,2022-03-19
2328,FECX,VLRP,43544,2022-03-31
2329,ZJFO,DFU1,441111,2022-02-20
2330,8HGR,WX85,685948,2022-02-10
2331,4JRD,UGUR,477973,2022-03-11
2332,SXW8,J2GH,828416,2022-02-05
2333,EXLT,56C5,86830,2022-01-29
2334,C8KE,8R3O,784801,2022-01-26
2335,LBWN,K7MU,815212,2022-03-21
2336,ADEV,P8OT,443396,2022-01-22
2337,0DB0,SP8Z,426132,2022-02-07
2338,IIE2,QAOJ,272584,2022-02-06
2339,LCJV,53G5,174423,2022-01-16
2340,EYFM,XOBJ,606654,2022-02-19
2341,A8BV,FD47,83775,2022-02-26
2342,SXCX,ONFF,218234,2022-02-24
2343,0NJW,WLSF,651754,2022-01-01
2344,J0NB,24A6,933925,2022-01-21
2345,IB24,PKOK,205393,2022-01-09
2346,6PGJ,YS6A,295231,2022-03-01
2347,3NQF,05BI,558895,2022-01-10
2348,OO9D,2AVX,583043,2022-01-29
2349,3N9H,A751,638363,2022-01-23
2350,OJ3E,I2M6,779609,2022-02-06
2351,6YJ6,683R,74392,2022-03-30
2352,E9TT,E5MI,723545,2022-03-27
2353,9NRU,GWFL,660362,2022-03-29
2354,NKMK,2VKH,545583,2022-02-20
2355,UL5V,WD1K,299261,2022-01-13
2356,URF3,WVLM,815691,2022-02-16
2357,GR6W,OLDF,135288,2022-02-10
2358,W2JU,8KKN,237323,2022-03-03
2359,KZCP,62AP,228275,2022-01-22
2360,LPVM,7L65,411839,2022-01-20
2361,HJXC,Z43Z,685947,2022-01-08
2362,M9CI,FFTL,332098,2022-02-23
2363,9N18,O8UV,65991,2022-01-24
2364,IAOR,QRBZ,942539,2022-02-27
2365,1OEO,HQZC,81235,2022-03-09
2366,AMIE,WM7A,77698,2022-03-14
2367,6XDT,2BX1,522088,2022-03-19
2368,MLAU,PRAZ,32632,2022-01-22
2369,EKG6,3ENC,334147,2022-02-19
2370,I42T,I0IT,436744,2022-01-31
2371,13AU,86Q0,246165,2022-01-29
2372,WSEA,HPWL,361979,2022-01-11
2373,Q7JB,CQHZ,185650,2022-01-11
2374,5M0Y,12UI,308924,2022-01-29
2375,DE59,CQBH,878557,2022-02-01
2376,JVQ3,4G5M,735061,2022-01-27
2377,WGWV,Y9G6,144688,2022-02-27
2378,72SY,NI1X,436011,2022-01-26
2379,QTAX,F4OE,696458,2022-02-13
2380,BZQ2,C8SG,406348,2022-02-03
2381,CZMW,I4SC,795920,2022-02-04
2382,209V,ZM9T,510692,2022-01-18
2383,MZB6,UGUR,459109,2022-02-05
2384,POVQ,FHUF,339607,2022-01-12
2385,UCTC,6P4Y,507139,2022-01-19
2386,RL7H,P0ZG,515025,2022-02-08
2387,0E4G,IAOR,203139,2022-03-15
2388,R0MB,F5A7,100248,2022-02-07
2389,LTZJ,VDRP,297174,2022-01-15
2390,IJ87,J96P,627441,2022-01-25
2391,YFT6,P4DG,78233,2022-01-08
2392,7L5Y,C8SG,808312,2022-03-27
2393,TKOG,MZB6,209111,2022-02-01
2394,0DB0,8DXA,819304,2022-02-18
2395,YRCO,2XPP,997320,2022-02-19
2396,KLH7,W8W8,866010,2022-01-07
2397,EV2M,UZU6,404042,2022-03-16
2398,WC5W,VS35,713363,2022-03-30
2399,PLZH,0FR3,631658,2022-02-21
2400,ISW7,DRIQ,276364,2022-01-16
2401,XOG4,5G3S,115211,2022-02-07
2402,2HBK,VLQJ,909610,2022-01-01
2403,JOY0,HQZC,537523,2022-01-27
2404,OAF5,P8OT,501995,2022-03-01
2405,H6QC,KT3V,683612,2022-02-09
2406,AVWZ,Y68J,494677,2022-02-27
2407,XCN6,V1NG,88949,2022-03-26
2408,RMSR,XT8V,259259,2022-03-02
2409,MLAU,8953,239745,2022-03-28
2410,LF2Y,L0YN,183088,2022-01-06
2411,SGQS,FFK2,73043,2022-01-04
2412,XB47,J96P,354257,2022-02-18
2413,0P7K,9HKL,621932,2022-01-22
2414,EREQ,NNQG,49205,2022-01-09
2415,3YI2,NKPC,552311,2022-03-15
2416,Y4IG,QUXQ,207572,2022-02-26
2417,NNWA,OI43,669829,2022-02-24
2418,R3KC,POVQ,632033,2022-01-29
2419,BBJN,SKBO,308264,2022-02-12
2420,FFTL,V08K,848812,2022-02-11
2421,HUCC,7CAG,78463,2022-02-21
2422,8TUH,8DNG,582117,2022-02-21
2423,QAD3,IS9P,146603,2022-02-18
2424,IKAT,RNEB,237992,2022-03-17
2425,69HV,Q4B7,862350,2022-01-11
2426,NJ6E,5YLE,184371,2022-02-01
2427,PNJP,EXY5,2136,2022-02-04
2428,10GW,Q0AX,780887,2022-03-06
2429,LJI7,9VTZ,554526,2022-03-26
2430,SF48,KD5U,625089,2022-03-12
2431,1RPF,BL8B,793063,2022-02-22
2432,U7UU,903U,955221,2022-03-17
2433,TD1I,F5A7,66804,2022-02-02
2434,XNG5,X4P1,431304,2022-01-01
2435,7IE1,8KKN,526360,2022-02-22
2436,JH2F,83Z6,642600,2022-03-21
2437,ORL4,3LR1,806635,2022-03-01
2438,JYBH,SIEI,551345,2022-01-23
2439,9332,9ZEZ,613597,2022-03-29
2440,YDPZ,F51U,189373,2022-03-23
2441,6T3B,UKZL,761631,2022-03-25
2442,D22X,FJ46,703824,2022-01-11
2443,3Y57,LYGS,687783,2022-02-28
2444,CQ8J,X5NL,129676,2022-02-19
2445,O477,6QXX,666944,2022-02-21
2446,C1VB,KVVK,686228,2022-02-27
2447,2AR1,M5NZ,278944,2022-01-01
2448,BLYR,J9R9,784041,2022-01-12
2449,CQ8J,ASVY,163528,2022-02-15
2450,W0C0,UBOP,548261,2022-02-22
2451,3914,DVRE,238655,2022-01-03
2452,HQZC,V5OK,941271,2022-02-16
2453,ZDQU,0O5F,786760,2022-02-14
2454,48MD,J6SE,856114,2022-02-14
2455,WWY9,5GZ5,15024,2022-02-12
2456,JEPT,UBRY,303312,2022-01-17
2457,UCTC,MWZY,513040,2022-02-04
2458,EREQ,6DAN,128383,2022-02-14
2459,1LNQ,70L9,362796,2022-03-04
2460,024R,23TD,854109,2022-01-30
2461,68SF,59CR,36831,2022-02-25
2462,DQXA,GN66,296573,2022-03-19
2463,XFHK,1LK3,673124,2022-03-10
2464,UC7A,BO4G,366131,2022-01-02
2465,6A1U,1F6J,880823,2022-01-10
2466,Q8QY,PED7,984652,2022-03-01
2467,GIQA,UBIU,60748,2022-03-27
2468,LCJV,ESWQ,309716,2022-02-04
2469,YIS6,9LQN,260680,2022-01-04
2470,C8SG,FEI8,297535,2022-03-14
2471,FP9M,HMNO,199088,2022-02-22
2472,BFR3,291O,531235,2022-03-12
2473,SNX5,5E4O,311063,2022-02-14
2474,NA8U,RBUL,195758,2022-02-14
2475,8Q6Q,A814,462667,2022-01-30
2476,C8SG,81AC,734610,2022-01-31
2477,MSN9,FPTZ,263611,2022-02-27
2478,SQ72,GXK9,587371,2022-03-05
2479,AGDU,FEI8,298293,2022-01-09
2480,NNWA,9DJX,567102,2022-01-17
2481,XIKL,A814,799850,2022-03-19
2482,YIS6,JYBH,755203,2022-02-10
2483,GH3T,NKMK,894254,2022-03-09
2484,KBJO,53G0,215940,2022-03-31
2485,SKBO,7QFY,527701,2022-03-25
2486,2VV0,OAF5,223175,2022-02-13
2487,U5P3,2N1O,400099,2022-01-08
2488,Q9C7,98PU,734404,2022-02-07
2489,W2QY,1K41,975796,2022-01-17
2490,CWUO,X5E9,205537,2022-03-12
2491,YZ4U,R6RH,104358,2022-02-22
2492,8BC5,AFVD,832855,2022-02-06
2493,QD52,3914,462748,2022-01-14
2494,IND7,L31U,465427,2022-03-29
2495,I20S,J68B,941858,2022-03-09
2496,8HVY,WVKA,696429,2022-01-01
2497,7L5Y,KD2M,43027,2022-03-11
2498,M9CI,6PLT,124168,2022-03-10
2499,4O7E,LZ46,579692,2022-03-19
2500,GPT7,XYMY,799331,2022-02-22
