TransactionID,SellerID,BuyerID,Amount(INR),Date
txn_1891,TxUI41176,TxUI459,34772,26-11-2012
txn_2094,TxUI492,TxUI41199,16059,26-11-2012
txn_85,TxUI307027,TxUI141,41878,27-11-2012
txn_212,TxUI228147,TxUI126,91620,27-11-2012
txn_607,TxUI148,TxUI307022,27261,27-11-2012
txn_900,TxUI11368,TxUI290,474824,27-11-2012
txn_1355,TxUI1359,TxUI394,43131,27-11-2012
txn_1582,TxUI317,TxUI1380,82260,27-11-2012
txn_1745,TxUI390,TxUI9533,14161,27-11-2012
txn_1890,TxUI39614,TxUI482,42270,27-11-2012
txn_2093,TxUI487,TxUI39629,79906,27-11-2012
txn_439,TxUI156,TxUI15290,196358,28-11-2012
txn_47,TxUI3872,TxUI148,252648,29-11-2012
txn_1402,TxUI87730,TxUI312,30876,29-11-2012
txn_1744,TxUI325,TxUI87774,34708,29-11-2012
txn_1505,TxUI9517,TxUI376,98107,30-11-2012
txn_605,TxUI136,TxUI179699,57245,01-12-2012
txn_606,TxUI180,TxUI228114,37511,01-12-2012
txn_1503,TxUI181647,TxUI337,81086,01-12-2012
txn_1504,TxUI6263,TxUI377,49447,01-12-2012
txn_1545,TxUI322,TxUI3689,63220,01-12-2012
txn_1634,TxUI316,TxUI181678,24660,01-12-2012
txn_1636,TxUI339,TxUI2972,136480,01-12-2012
txn_1743,TxUI310,TxUI6295,51367,01-12-2012
txn_211,TxUI59663,TxUI155,58668,02-12-2012
txn_1401,TxUI65645,TxUI361,150132,02-12-2012
txn_1502,TxUI1192,TxUI333,16692,02-12-2012
txn_1741,TxUI322,TxUI1156,28019,02-12-2012
txn_1742,TxUI353,TxUI65658,20955,02-12-2012
txn_917,TxUI56176,TxUI287,465020,03-12-2012
txn_1137,TxUI266,TxUI56160,164074,03-12-2012
txn_1500,TxUI19918,TxUI397,49196,03-12-2012
txn_1501,TxUI229066,TxUI322,93880,03-12-2012
txn_1739,TxUI333,TxUI19928,43485,03-12-2012
txn_1740,TxUI368,TxUI229096,16536,03-12-2012
txn_1499,TxUI888,TxUI367,38806,04-12-2012
txn_1738,TxUI379,TxUI886,50756,04-12-2012
txn_209,TxUI144273,TxUI172,84215,05-12-2012
txn_603,TxUI163,TxUI307857,56805,05-12-2012
txn_604,TxUI178,TxUI59625,88243,05-12-2012
txn_1495,TxUI304391,TxUI376,54610,05-12-2012
txn_1496,TxUI228577,TxUI398,77537,05-12-2012
txn_1498,TxUI88381,TxUI312,30412,05-12-2012
txn_1632,TxUI394,TxUI133952,176460,05-12-2012
txn_1736,TxUI394,TxUI228594,25184,05-12-2012
txn_1737,TxUI365,TxUI88375,55557,05-12-2012
txn_208,TxUI304230,TxUI134,46278,06-12-2012
txn_602,TxUI194,TxUI304255,89285,06-12-2012
txn_207,TxUI306848,TxUI113,77556,07-12-2012
txn_600,TxUI169,TxUI133910,42326,07-12-2012
txn_601,TxUI148,TxUI306872,61873,07-12-2012
txn_1494,TxUI39447,TxUI354,30739,08-12-2012
txn_1628,TxUI330,TxUI39420,37544,08-12-2012
txn_84,TxUI7117,TxUI110,46648,09-12-2012
txn_1492,TxUI7537,TxUI330,92049,09-12-2012
txn_1493,TxUI229588,TxUI390,22156,09-12-2012
txn_1513,TxUI370,TxUI9292,752144,09-12-2012
txn_1627,TxUI360,TxUI229525,172122,09-12-2012
txn_1735,TxUI349,TxUI7512,37846,09-12-2012
txn_599,TxUI110,TxUI33345,17452,10-12-2012
txn_1399,TxUI75240,TxUI325,98370,10-12-2012
txn_1400,TxUI229186,TxUI376,32276,10-12-2012
txn_1491,TxUI134840,TxUI363,34205,10-12-2012
txn_1626,TxUI340,TxUI75287,57954,10-12-2012
txn_1629,TxUI340,TxUI229172,74200,10-12-2012
txn_1734,TxUI379,TxUI134898,13958,10-12-2012
txn_1136,TxUI210,TxUI31860,125098,11-12-2012
txn_1351,TxUI133975,TxUI371,269970,11-12-2012
txn_1490,TxUI22753,TxUI341,50409,11-12-2012
txn_1733,TxUI384,TxUI22727,69800,11-12-2012
txn_1889,TxUI22757,TxUI474,85153,11-12-2012
txn_2092,TxUI457,TxUI22720,41070,11-12-2012
txn_1489,TxUI127444,TxUI342,77196,12-12-2012
txn_1731,TxUI317,TxUI22818,51072,12-12-2012
txn_1732,TxUI332,TxUI127443,87587,12-12-2012
txn_1888,TxUI39413,TxUI460,59333,14-12-2012
txn_598,TxUI149,TxUI308485,73472,15-12-2012
txn_1487,TxUI229826,TxUI330,11067,15-12-2012
txn_1488,TxUI308758,TxUI331,70850,15-12-2012
txn_1497,TxUI153654,TxUI366,51627,15-12-2012
txn_1630,TxUI388,TxUI153643,92592,15-12-2012
txn_1729,TxUI357,TxUI229838,19006,15-12-2012
txn_1730,TxUI357,TxUI308796,49587,15-12-2012
txn_1396,TxUI230034,TxUI311,111360,16-12-2012
txn_1624,TxUI396,TxUI230064,23844,16-12-2012
txn_210,TxUI133957,TxUI186,85971,17-12-2012
txn_1314,TxUI3611,TxUI367,246212,17-12-2012
txn_206,TxUI39579,TxUI170,95276,18-12-2012
txn_597,TxUI127,TxUI39516,49073,18-12-2012
txn_1398,TxUI22860,TxUI326,28952,18-12-2012
txn_205,TxUI308834,TxUI124,82207,19-12-2012
txn_420,TxUI149,TxUI224955,74058,19-12-2012
txn_596,TxUI122,TxUI308832,40183,19-12-2012
txn_1295,TxUI17737,TxUI311,208055,19-12-2012
txn_1485,TxUI10044,TxUI359,72161,20-12-2012
txn_1486,TxUI5384,TxUI394,69216,20-12-2012
txn_1727,TxUI372,TxUI10078,41033,20-12-2012
txn_1728,TxUI343,TxUI5398,51425,20-12-2012
txn_594,TxUI164,TxUI75318,54394,21-12-2012
txn_595,TxUI178,TxUI308336,94467,21-12-2012
txn_1483,TxUI6315,TxUI368,78746,22-12-2012
txn_1484,TxUI93761,TxUI325,73632,22-12-2012
txn_1621,TxUI322,TxUI6346,141056,22-12-2012
txn_1622,TxUI357,TxUI93725,95840,22-12-2012
txn_1482,TxUI152351,TxUI393,28739,23-12-2012
txn_1575,TxUI313,TxUI75478,151704,23-12-2012
txn_1620,TxUI316,TxUI152362,147990,23-12-2012
txn_1353,TxUI74883,TxUI335,252309,26-12-2012
txn_1310,TxUI11311,TxUI398,348584,29-12-2012
txn_1347,TxUI105452,TxUI375,138189,29-12-2012
txn_1291,TxUI49233,TxUI367,55450,01-01-2013
txn_593,TxUI182,TxUI310186,46738,02-01-2013
txn_1394,TxUI88524,TxUI385,23072,02-01-2013
txn_1726,TxUI353,TxUI88596,25123,02-01-2013
txn_1479,TxUI230675,TxUI317,19371,03-01-2013
txn_1480,TxUI567963,TxUI380,36657,03-01-2013
txn_1542,TxUI366,TxUI49255,260952,03-01-2013
txn_1618,TxUI312,TxUI230676,126484,03-01-2013
txn_1725,TxUI393,TxUI567913,66893,03-01-2013
txn_37,TxUI33393,TxUI134,112530,04-01-2013
txn_1478,TxUI75534,TxUI314,85024,04-01-2013
txn_1724,TxUI396,TxUI75520,64175,04-01-2013
txn_590,TxUI175,TxUI182623,33796,05-01-2013
txn_591,TxUI147,TxUI310361,75354,05-01-2013
txn_592,TxUI131,TxUI182230,13492,05-01-2013
txn_1723,TxUI338,TxUI95525,47848,05-01-2013
txn_1344,TxUI12497,TxUI328,118977,06-01-2013
txn_1476,TxUI33164,TxUI393,88612,06-01-2013
txn_1570,TxUI390,TxUI33180,171888,06-01-2013
txn_1571,TxUI353,TxUI12422,97314,06-01-2013
txn_1572,TxUI340,TxUI182462,238959,06-01-2013
txn_589,TxUI174,TxUI52979,49080,07-01-2013
txn_1475,TxUI230813,TxUI354,74551,07-01-2013
txn_1722,TxUI380,TxUI230899,83611,07-01-2013
txn_1474,TxUI114791,TxUI389,57741,08-01-2013
txn_1721,TxUI310,TxUI114799,39981,08-01-2013
txn_1349,TxUI9061,TxUI335,192642,09-01-2013
txn_1472,TxUI4012,TxUI360,15256,09-01-2013
txn_1473,TxUI112947,TxUI345,77609,09-01-2013
txn_1579,TxUI312,TxUI9067,121302,09-01-2013
txn_1719,TxUI391,TxUI4032,40050,09-01-2013
txn_1720,TxUI330,TxUI112921,52692,09-01-2013
txn_1481,TxUI179025,TxUI384,77420,10-01-2013
txn_1392,TxUI32092,TxUI349,111228,11-01-2013
txn_1718,TxUI332,TxUI32043,74376,11-01-2013
txn_204,TxUI75338,TxUI156,43923,14-01-2013
txn_412,TxUI114,TxUI153863,123480,14-01-2013
txn_588,TxUI190,TxUI301385,74278,14-01-2013
txn_587,TxUI139,TxUI311156,79048,15-01-2013
txn_203,TxUI311135,TxUI190,75435,17-01-2013
txn_1471,TxUI231110,TxUI341,96377,18-01-2013
txn_1717,TxUI350,TxUI231143,74891,18-01-2013
txn_1390,TxUI310571,TxUI335,163898,19-01-2013
txn_1716,TxUI360,TxUI310562,62720,19-01-2013
txn_586,TxUI160,TxUI311364,81177,20-01-2013
txn_38,TxUI153894,TxUI174,120525,21-01-2013
txn_1387,TxUI740654,TxUI379,87520,23-01-2013
txn_1388,TxUI183268,TxUI320,147060,23-01-2013
txn_1616,TxUI326,TxUI183231,127518,23-01-2013
txn_1714,TxUI348,TxUI740658,42878,23-01-2013
txn_1386,TxUI145683,TxUI385,90616,25-01-2013
txn_1713,TxUI392,TxUI145619,25031,25-01-2013
txn_1385,TxUI70320,TxUI344,62792,26-01-2013
txn_1712,TxUI388,TxUI70367,84677,26-01-2013
txn_1266,TxUI154594,TxUI352,478176,27-01-2013
txn_585,TxUI194,TxUI154219,24292,28-01-2013
txn_202,TxUI154218,TxUI119,52643,29-01-2013
txn_584,TxUI189,TxUI311868,87369,29-01-2013
txn_1311,TxUI105639,TxUI344,183852,30-01-2013
txn_1541,TxUI364,TxUI105667,49632,30-01-2013
txn_1615,TxUI353,TxUI88617,150944,31-01-2013
txn_583,TxUI119,TxUI118020,91531,01-02-2013
txn_1470,TxUI26627,TxUI317,96176,01-02-2013
txn_1711,TxUI375,TxUI26649,44919,01-02-2013
txn_200,TxUI29681,TxUI151,73663,02-02-2013
txn_582,TxUI173,TxUI29657,10223,02-02-2013
txn_199,TxUI183566,TxUI172,65949,03-02-2013
txn_1263,TxUI9226,TxUI394,413740,03-02-2013
txn_1469,TxUI29611,TxUI395,14171,03-02-2013
txn_1710,TxUI333,TxUI29661,80088,03-02-2013
txn_413,TxUI133,TxUI229631,79310,04-02-2013
txn_1384,TxUI10775,TxUI391,132768,04-02-2013
txn_1613,TxUI320,TxUI10726,73080,04-02-2013
txn_581,TxUI133,TxUI183523,41983,05-02-2013
txn_1341,TxUI96987,TxUI380,194934,05-02-2013
txn_1468,TxUI183631,TxUI397,14262,05-02-2013
txn_1614,TxUI399,TxUI96993,41400,05-02-2013
txn_1709,TxUI328,TxUI183659,52966,05-02-2013
txn_1383,TxUI183418,TxUI379,60682,06-02-2013
txn_1466,TxUI181573,TxUI387,21661,06-02-2013
txn_1467,TxUI312798,TxUI359,94745,06-02-2013
txn_1612,TxUI397,TxUI183451,92944,06-02-2013
txn_1707,TxUI312,TxUI181573,33649,06-02-2013
txn_1708,TxUI385,TxUI312753,14769,06-02-2013
txn_198,TxUI135630,TxUI136,21903,07-02-2013
txn_579,TxUI173,TxUI135667,36389,07-02-2013
txn_580,TxUI143,TxUI312411,13198,07-02-2013
txn_621,TxUI113,TxUI52379,11683,07-02-2013
txn_1464,TxUI1046,TxUI315,29390,07-02-2013
txn_1465,TxUI743249,TxUI347,30164,07-02-2013
txn_1705,TxUI376,TxUI1091,44154,07-02-2013
txn_1706,TxUI332,TxUI743220,32518,07-02-2013
txn_1702,TxUI383,TxUI17379,80465,08-02-2013
txn_1703,TxUI328,TxUI12578,58649,08-02-2013
txn_1704,TxUI380,TxUI81566,86098,08-02-2013
txn_578,TxUI121,TxUI231573,33271,09-02-2013
txn_1462,TxUI13575,TxUI381,21811,09-02-2013
txn_1463,TxUI183579,TxUI317,16049,09-02-2013
txn_1699,TxUI328,TxUI183793,62687,09-02-2013
txn_1700,TxUI330,TxUI13554,82289,09-02-2013
txn_1701,TxUI391,TxUI183579,31721,09-02-2013
txn_1309,TxUI12315,TxUI365,310764,10-02-2013
txn_1698,TxUI319,TxUI2786,48181,10-02-2013
txn_1380,TxUI154897,TxUI369,54182,11-02-2013
txn_1611,TxUI335,TxUI154813,46044,11-02-2013
txn_197,TxUI231584,TxUI194,22859,12-02-2013
txn_1461,TxUI231545,TxUI379,83344,12-02-2013
txn_1540,TxUI378,TxUI154548,49000,12-02-2013
txn_1546,TxUI363,TxUI25994,197904,12-02-2013
txn_1697,TxUI331,TxUI231572,47024,12-02-2013
txn_577,TxUI179,TxUI17420,32819,13-02-2013
txn_1313,TxUI87910,TxUI310,147632,13-02-2013
txn_1544,TxUI348,TxUI87933,225032,13-02-2013
txn_1460,TxUI145988,TxUI382,43161,14-02-2013
txn_1696,TxUI364,TxUI145962,92941,14-02-2013
txn_576,TxUI167,TxUI313470,42615,17-02-2013
txn_1345,TxUI62178,TxUI365,257703,17-02-2013
txn_1377,TxUI232171,TxUI363,49424,17-02-2013
txn_1573,TxUI371,TxUI62128,197355,17-02-2013
txn_1609,TxUI330,TxUI232148,47464,17-02-2013
txn_575,TxUI176,TxUI135576,31455,18-02-2013
txn_1001,TxUI804Z,TxUI1Z,11547,18-02-2013
txn_1307,TxUI35141,TxUI311,337004,18-02-2013
txn_1182,TxUI265,TxUI1814,70118,19-02-2013
txn_1339,TxUI135681,TxUI345,173121,19-02-2013
txn_1346,TxUI103666,TxUI361,173328,19-02-2013
txn_1376,TxUI743175,TxUI385,32862,19-02-2013
txn_1567,TxUI364,TxUI135656,81375,19-02-2013
txn_1574,TxUI381,TxUI103662,189900,19-02-2013
txn_1695,TxUI360,TxUI743190,92845,19-02-2013
txn_196,TxUI17426,TxUI160,42542,20-02-2013
txn_1340,TxUI50979,TxUI353,203274,21-02-2013
txn_1538,TxUI357,TxUI50927,117168,21-02-2013
txn_36,TxUI52987,TxUI111,244437,23-02-2013
txn_81,TxUI106161,TxUI182,166956,23-02-2013
txn_573,TxUI174,TxUI106043,22478,25-02-2013
txn_574,TxUI173,TxUI743126,38511,25-02-2013
txn_916,TxUI38174,TxUI290,450210,25-02-2013
txn_1091,TxUI249,TxUI38198,65425,25-02-2013
txn_1375,TxUI737782,TxUI313,24936,25-02-2013
txn_1608,TxUI397,TxUI737795,25276,25-02-2013
txn_1379,TxUI17497,TxUI332,81364,26-02-2013
txn_1610,TxUI382,TxUI17440,97916,26-02-2013
txn_1374,TxUI136085,TxUI327,145666,27-02-2013
txn_1458,TxUI20518,TxUI332,68288,27-02-2013
txn_1514,TxUI354,TxUI670,570000,27-02-2013
txn_1607,TxUI345,TxUI136058,161180,27-02-2013
txn_1694,TxUI368,TxUI20571,22268,27-02-2013
txn_411,TxUI175,TxUI117772,149720,28-02-2013
txn_919,TxUI10725,TxUI243,385625,28-02-2013
txn_1104,TxUI278,TxUI10760,58484,28-02-2013
txn_1343,TxUI49369,TxUI394,126222,28-02-2013
txn_1395,TxUI63246,TxUI319,110382,28-02-2013
txn_1564,TxUI365,TxUI97172,84780,28-02-2013
txn_1569,TxUI350,TxUI49311,183282,28-02-2013
txn_1623,TxUI366,TxUI63274,53578,28-02-2013
txn_33,TxUI49395,TxUI142,216564,01-03-2013
txn_80,TxUI106069,TxUI186,51300,01-03-2013
txn_1262,TxUI97154,TxUI351,131190,01-03-2013
txn_1381,TxUI183739,TxUI323,173446,01-03-2013
txn_1348,TxUI181846,TxUI391,205857,02-03-2013
txn_1578,TxUI381,TxUI181897,92394,02-03-2013
txn_1270,TxUI673,TxUI342,303919,04-03-2013
txn_82,TxUI743147,TxUI178,59700,05-03-2013
txn_195,TxUI314283,TxUI167,97667,05-03-2013
txn_572,TxUI153,TxUI314277,66190,05-03-2013
txn_866,TxUI24421,TxUI239,515050,05-03-2013
txn_392,TxUI131,TxUI11297,113739,06-03-2013
txn_1568,TxUI345,TxUI4236,223107,06-03-2013
txn_1306,TxUI154717,TxUI326,149868,07-03-2013
txn_1312,TxUI228057,TxUI319,217028,07-03-2013
txn_1335,TxUI136187,TxUI345,260739,07-03-2013
txn_1336,TxUI233147,TxUI380,109986,07-03-2013
txn_1457,TxUI28678,TxUI350,26527,07-03-2013
txn_1537,TxUI394,TxUI154726,340840,07-03-2013
txn_1543,TxUI327,TxUI228050,113764,07-03-2013
txn_1563,TxUI325,TxUI136183,228978,07-03-2013
txn_1692,TxUI365,TxUI28632,53643,07-03-2013
txn_1693,TxUI369,TxUI233198,36952,07-03-2013
txn_193,TxUI232461,TxUI199,34335,08-03-2013
txn_194,TxUI314377,TxUI179,13536,08-03-2013
txn_569,TxUI170,TxUI183929,66148,08-03-2013
txn_570,TxUI185,TxUI314360,48330,08-03-2013
txn_571,TxUI139,TxUI314836,60602,08-03-2013
txn_1455,TxUI155044,TxUI367,46006,08-03-2013
txn_1456,TxUI106085,TxUI311,43450,08-03-2013
txn_1576,TxUI315,TxUI105464,191235,08-03-2013
txn_1690,TxUI353,TxUI155083,85749,08-03-2013
txn_1691,TxUI330,TxUI106091,59112,08-03-2013
txn_565,TxUI193,TxUI314188,15224,09-03-2013
txn_566,TxUI197,TxUI152138,46053,09-03-2013
txn_567,TxUI164,TxUI314957,85504,09-03-2013
txn_568,TxUI157,TxUI232446,16901,09-03-2013
txn_1338,TxUI2132,TxUI346,36318,09-03-2013
txn_1605,TxUI355,TxUI2193,23118,09-03-2013
txn_191,TxUI184019,TxUI193,90841,11-03-2013
txn_192,TxUI183977,TxUI157,89490,11-03-2013
txn_564,TxUI145,TxUI184030,83347,11-03-2013
txn_1373,TxUI232823,TxUI313,101796,11-03-2013
txn_1378,TxUI12530,TxUI366,125108,11-03-2013
txn_1689,TxUI343,TxUI232833,96996,11-03-2013
txn_1333,TxUI759572,TxUI341,256590,12-03-2013
txn_1562,TxUI373,TxUI759586,151143,12-03-2013
txn_1332,TxUI315440,TxUI331,104358,13-03-2013
txn_1391,TxUI64192,TxUI380,176098,13-03-2013
txn_1393,TxUI95567,TxUI321,27230,13-03-2013
txn_1454,TxUI69161,TxUI360,90067,13-03-2013
txn_1603,TxUI399,TxUI16258,133010,13-03-2013
txn_1617,TxUI323,TxUI64124,153004,13-03-2013
txn_1687,TxUI366,TxUI315473,44127,13-03-2013
txn_1688,TxUI380,TxUI69158,83186,13-03-2013
txn_190,TxUI81719,TxUI128,62823,14-03-2013
txn_563,TxUI123,TxUI81736,36836,14-03-2013
txn_1305,TxUI136248,TxUI333,360256,14-03-2013
txn_1389,TxUI24271,TxUI321,45518,14-03-2013
txn_1536,TxUI371,TxUI136286,234024,14-03-2013
txn_1539,TxUI388,TxUI19783,180504,14-03-2013
txn_1715,TxUI359,TxUI24237,88041,14-03-2013
txn_79,TxUI126795,TxUI162,132838,15-03-2013
txn_189,TxUI314178,TxUI141,96062,15-03-2013
txn_434,TxUI169,TxUI126746,157872,15-03-2013
txn_1331,TxUI233429,TxUI388,193008,15-03-2013
txn_1452,TxUI105981,TxUI326,73746,15-03-2013
txn_1453,TxUI233241,TxUI317,14799,15-03-2013
txn_1684,TxUI348,TxUI105987,24687,15-03-2013
txn_1685,TxUI393,TxUI233235,77859,15-03-2013
txn_1686,TxUI310,TxUI233470,32006,15-03-2013
txn_1619,TxUI333,TxUI179045,135820,16-03-2013
txn_44,TxUI95892,TxUI123,249861,18-03-2013
txn_188,TxUI315621,TxUI148,23949,18-03-2013
txn_1371,TxUI19099,TxUI383,28850,18-03-2013
txn_1560,TxUI319,TxUI19038,61107,18-03-2013
txn_409,TxUI140,TxUI49348,66444,19-03-2013
txn_1334,TxUI24473,TxUI324,140253,19-03-2013
txn_1450,TxUI77438,TxUI395,68583,19-03-2013
txn_1451,TxUI313222,TxUI398,34530,19-03-2013
txn_1606,TxUI338,TxUI24489,29314,19-03-2013
txn_1682,TxUI349,TxUI77450,82004,19-03-2013
txn_1683,TxUI324,TxUI313240,20094,19-03-2013
txn_1350,TxUI35832,TxUI364,154185,20-03-2013
txn_1631,TxUI380,TxUI35862,68842,20-03-2013
txn_562,TxUI116,TxUI315670,34338,21-03-2013
txn_1000,TxUI3010Z,TxUI89Z,78314,21-03-2013
txn_1181,TxUI246,TxUI9327,34859,21-03-2013
txn_1681,TxUI376,TxUI233670,25632,21-03-2013
txn_40,TxUI151921,TxUI160,131256,22-03-2013
txn_78,TxUI233425,TxUI153,78064,22-03-2013
txn_421,TxUI177,TxUI151941,122212,22-03-2013
txn_561,TxUI172,TxUI233495,68745,22-03-2013
txn_1329,TxUI97353,TxUI348,54666,22-03-2013
txn_1372,TxUI183932,TxUI313,146500,22-03-2013
txn_1535,TxUI321,TxUI97333,114612,22-03-2013
txn_1604,TxUI323,TxUI183930,88834,22-03-2013
txn_559,TxUI190,TxUI233896,66130,24-03-2013
txn_560,TxUI170,TxUI184232,21563,24-03-2013
txn_187,TxUI184257,TxUI180,42309,25-03-2013
txn_558,TxUI174,TxUI45940,82751,25-03-2013
txn_186,TxUI314913,TxUI184,40810,26-03-2013
txn_557,TxUI146,TxUI316711,65411,27-03-2013
txn_184,TxUI118616,TxUI157,42508,28-03-2013
txn_185,TxUI316784,TxUI163,22978,28-03-2013
txn_1287,TxUI200181,TxUI398,366170,28-03-2013
txn_1370,TxUI64610,TxUI391,183158,28-03-2013
txn_1602,TxUI361,TxUI64669,168552,28-03-2013
txn_182,TxUI734159,TxUI194,20245,29-03-2013
txn_183,TxUI313970,TxUI186,82377,29-03-2013
txn_552,TxUI141,TxUI316344,63000,29-03-2013
txn_553,TxUI149,TxUI118630,84951,29-03-2013
txn_554,TxUI117,TxUI734137,23934,29-03-2013
txn_556,TxUI131,TxUI313980,26469,29-03-2013
txn_1292,TxUI117563,TxUI335,332600,29-03-2013
txn_1448,TxUI11173,TxUI324,34436,29-03-2013
txn_1449,TxUI184353,TxUI375,43162,29-03-2013
txn_1625,TxUI314,TxUI117552,48380,29-03-2013
txn_1677,TxUI374,TxUI75788,65287,29-03-2013
txn_1678,TxUI369,TxUI4989,55597,29-03-2013
txn_1679,TxUI370,TxUI11142,69664,29-03-2013
txn_1680,TxUI315,TxUI184353,75637,29-03-2013
txn_181,TxUI234218,TxUI165,17689,30-03-2013
txn_1286,TxUI26220,TxUI334,333620,30-03-2013
txn_1288,TxUI14238,TxUI382,67240,30-03-2013
txn_1328,TxUI750911,TxUI344,94989,30-03-2013
txn_1446,TxUI28861,TxUI322,40734,30-03-2013
txn_1447,TxUI226349,TxUI398,28036,30-03-2013
txn_1521,TxUI324,TxUI14278,385615,30-03-2013
txn_1601,TxUI393,TxUI750914,145154,30-03-2013
txn_1676,TxUI335,TxUI226332,45775,30-03-2013
txn_551,TxUI129,TxUI184374,52078,31-03-2013
txn_1675,TxUI398,TxUI28869,83555,31-03-2013
txn_180,TxUI184376,TxUI130,29826,01-04-2013
txn_275,TxUI63643,TxUI152,93066,02-04-2013
txn_550,TxUI169,TxUI317373,73882,02-04-2013
txn_1516,TxUI399,TxUI12348,159096,02-04-2013
txn_1274,TxUI75484,TxUI331,514188,03-04-2013
txn_1284,TxUI234697,TxUI376,76195,03-04-2013
txn_1342,TxUI19725,TxUI395,149709,03-04-2013
txn_1445,TxUI318117,TxUI332,78528,03-04-2013
txn_1598,TxUI346,TxUI234627,135100,03-04-2013
txn_1674,TxUI394,TxUI318192,95012,03-04-2013
txn_179,TxUI105145,TxUI134,51151,04-04-2013
txn_1444,TxUI136382,TxUI333,29379,04-04-2013
txn_1565,TxUI319,TxUI135986,148932,04-04-2013
txn_1597,TxUI358,TxUI136364,54582,04-04-2013
txn_1327,TxUI8132,TxUI364,265467,05-04-2013
txn_1600,TxUI310,TxUI8134,62486,05-04-2013
txn_1443,TxUI205331,TxUI330,51704,06-04-2013
txn_1673,TxUI339,TxUI205374,96890,06-04-2013
txn_178,TxUI317393,TxUI161,51486,07-04-2013
txn_1326,TxUI43360,TxUI344,277908,07-04-2013
txn_1397,TxUI70247,TxUI334,173208,07-04-2013
txn_1557,TxUI321,TxUI3149,201993,07-04-2013
txn_1577,TxUI356,TxUI70214,45039,07-04-2013
txn_1672,TxUI388,TxUI43331,78143,07-04-2013
txn_549,TxUI179,TxUI105148,19756,08-04-2013
txn_1283,TxUI155871,TxUI394,296660,08-04-2013
txn_1303,TxUI34727,TxUI346,52952,08-04-2013
txn_1354,TxUI2467,TxUI345,232113,08-04-2013
txn_1533,TxUI322,TxUI34742,139816,08-04-2013
txn_1555,TxUI371,TxUI155859,50418,08-04-2013
txn_1581,TxUI326,TxUI2476,49659,08-04-2013
txn_1366,TxUI136737,TxUI397,164254,09-04-2013
txn_1671,TxUI385,TxUI136759,23058,09-04-2013
txn_90,TxUI14219,TxUI188,143780,10-04-2013
txn_419,TxUI125,TxUI14224,86776,10-04-2013
txn_1324,TxUI58948,TxUI316,86709,10-04-2013
txn_1368,TxUI75781,TxUI321,132174,10-04-2013
txn_1442,TxUI184410,TxUI357,84078,10-04-2013
txn_1526,TxUI338,TxUI3295,344110,10-04-2013
txn_1553,TxUI384,TxUI184955,75303,10-04-2013
txn_10,TxUI888,TxUI1,362236,11-04-2013
txn_382,TxUI123,TxUI88866,213924,11-04-2013
txn_1280,TxUI184931,TxUI370,110490,11-04-2013
txn_1293,TxUI3235,TxUI376,326535,11-04-2013
txn_1322,TxUI320080,TxUI333,168387,11-04-2013
txn_1440,TxUI739475,TxUI379,91836,11-04-2013
txn_1441,TxUI320368,TxUI388,61860,11-04-2013
txn_1551,TxUI355,TxUI3022,275925,11-04-2013
txn_1669,TxUI320,TxUI320336,41513,11-04-2013
txn_1670,TxUI322,TxUI320089,96203,11-04-2013
txn_1279,TxUI5619,TxUI374,252450,12-04-2013
txn_1320,TxUI319845,TxUI345,193011,12-04-2013
txn_1337,TxUI106128,TxUI347,39594,12-04-2013
txn_1365,TxUI13685,TxUI375,189486,12-04-2013
txn_1436,TxUI97687,TxUI346,98910,12-04-2013
txn_1437,TxUI106333,TxUI365,89101,12-04-2013
txn_1439,TxUI45489,TxUI383,18074,12-04-2013
txn_1511,TxUI3399,TxUI348,87064,12-04-2013
txn_1520,TxUI381,TxUI5692,130930,12-04-2013
txn_1554,TxUI361,TxUI13658,280614,12-04-2013
txn_1558,TxUI356,TxUI89021,39279,12-04-2013
txn_1566,TxUI374,TxUI106126,60780,12-04-2013
txn_1596,TxUI353,TxUI28991,118766,12-04-2013
txn_1665,TxUI320,TxUI319814,34462,12-04-2013
txn_1666,TxUI337,TxUI97682,83050,12-04-2013
txn_1667,TxUI342,TxUI106310,43220,12-04-2013
txn_1668,TxUI382,TxUI45415,38038,12-04-2013
txn_177,TxUI184749,TxUI146,51330,13-04-2013
txn_1277,TxUI52568,TxUI334,404855,13-04-2013
txn_1278,TxUI54549,TxUI346,340090,13-04-2013
txn_1296,TxUI17254,TxUI394,68985,13-04-2013
txn_1330,TxUI155548,TxUI335,185910,13-04-2013
txn_1434,TxUI734166,TxUI327,61679,13-04-2013
txn_1435,TxUI20370,TxUI350,13885,13-04-2013
txn_1438,TxUI28936,TxUI381,92427,13-04-2013
txn_1561,TxUI395,TxUI155562,186897,13-04-2013
txn_1595,TxUI331,TxUI52511,137176,13-04-2013
txn_1663,TxUI370,TxUI734133,33194,13-04-2013
txn_1664,TxUI327,TxUI20397,86911,13-04-2013
txn_75,TxUI106366,TxUI173,30390,14-04-2013
txn_176,TxUI235265,TxUI166,60649,14-04-2013
txn_547,TxUI141,TxUI106339,49821,14-04-2013
txn_548,TxUI173,TxUI235222,37824,14-04-2013
txn_999,TxUI160Z,TxUI3010Z,22296,14-04-2013
txn_1321,TxUI46018,TxUI388,51120,14-04-2013
txn_1433,TxUI98851,TxUI381,86050,14-04-2013
txn_1550,TxUI337,TxUI46015,295077,14-04-2013
txn_201,TxUI311835,TxUI149,60834,15-04-2013
txn_545,TxUI161,TxUI320244,50531,15-04-2013
txn_546,TxUI157,TxUI235185,23401,15-04-2013
txn_1364,TxUI135856,TxUI399,33836,15-04-2013
txn_1432,TxUI156089,TxUI352,69620,15-04-2013
txn_1661,TxUI332,TxUI156020,30164,15-04-2013
txn_1662,TxUI369,TxUI135819,50836,15-04-2013
txn_175,TxUI319346,TxUI125,65070,16-04-2013
txn_543,TxUI137,TxUI319368,77175,16-04-2013
txn_544,TxUI112,TxUI184711,80914,16-04-2013
txn_1319,TxUI117458,TxUI327,76854,16-04-2013
txn_1594,TxUI357,TxUI117440,76536,16-04-2013
txn_174,TxUI318939,TxUI135,57053,17-04-2013
txn_542,TxUI154,TxUI318957,61492,17-04-2013
txn_1530,TxUI355,TxUI81847,70864,17-04-2013
txn_1459,TxUI135915,TxUI378,85694,18-04-2013
txn_1593,TxUI345,TxUI63867,48696,18-04-2013
txn_173,TxUI321075,TxUI113,94532,20-04-2013
txn_541,TxUI150,TxUI321045,45444,20-04-2013
txn_1431,TxUI106450,TxUI358,14942,20-04-2013
txn_540,TxUI167,TxUI321141,80867,21-04-2013
txn_1592,TxUI382,TxUI235315,149980,22-04-2013
txn_915,TxUI41260,TxUI219,53885,23-04-2013
txn_539,TxUI151,TxUI136546,95661,24-04-2013
txn_172,TxUI48317,TxUI145,35154,25-04-2013
txn_538,TxUI117,TxUI48367,19717,25-04-2013
txn_1302,TxUI89087,TxUI373,350776,25-04-2013
txn_1363,TxUI322186,TxUI392,135968,25-04-2013
txn_1430,TxUI118497,TxUI360,55842,25-04-2013
txn_1659,TxUI369,TxUI118428,37053,25-04-2013
txn_1660,TxUI313,TxUI322122,58424,25-04-2013
txn_171,TxUI136593,TxUI136,71258,26-04-2013
txn_2308,TxUI20386,TxUI545,82326,29-04-2013
txn_2438,TxUI589,TxUI28968,24556,29-04-2013
txn_1429,TxUI185387,TxUI381,57852,30-04-2013
txn_1658,TxUI337,TxUI185347,35597,30-04-2013
txn_2307,TxUI39575,TxUI543,15988,30-04-2013
txn_2436,TxUI540,TxUI39545,64909,30-04-2013
txn_2437,TxUI556,TxUI20376,52294,30-04-2013
txn_170,TxUI11585,TxUI142,60544,01-05-2013
txn_2305,TxUI233514,TxUI561,59294,01-05-2013
txn_2435,TxUI572,TxUI233524,12019,01-05-2013
txn_168,TxUI185671,TxUI147,48832,02-05-2013
txn_1180,TxUI272,TxUI21933,39022,02-05-2013
txn_1428,TxUI1246,TxUI316,20610,02-05-2013
txn_2304,TxUI149198,TxUI594,52497,02-05-2013
txn_2330,TxUI530,TxUI43362,475645,02-05-2013
txn_2434,TxUI551,TxUI149191,71034,02-05-2013
txn_169,TxUI321175,TxUI147,80599,03-05-2013
txn_537,TxUI116,TxUI321534,91171,03-05-2013
txn_1426,TxUI739023,TxUI387,34152,03-05-2013
txn_1427,TxUI75388,TxUI328,15117,03-05-2013
txn_1655,TxUI340,TxUI739014,71796,03-05-2013
txn_1656,TxUI382,TxUI1249,25422,03-05-2013
txn_1657,TxUI311,TxUI75319,48102,03-05-2013
txn_2303,TxUI70663,TxUI580,35281,04-05-2013
txn_2432,TxUI562,TxUI70657,73777,04-05-2013
txn_2433,TxUI560,TxUI15689,23028,04-05-2013
txn_535,TxUI162,TxUI185655,59908,05-05-2013
txn_536,TxUI147,TxUI11513,19776,05-05-2013
txn_1531,TxUI327,TxUI20890,56620,05-05-2013
txn_1362,TxUI235383,TxUI390,152814,08-05-2013
txn_2302,TxUI232095,TxUI510,63966,08-05-2013
txn_2431,TxUI594,TxUI97911,36247,08-05-2013
txn_2301,TxUI323114,TxUI521,11937,13-05-2013
txn_2430,TxUI575,TxUI323130,69484,13-05-2013
txn_23,TxUI821,TxUI1,186045,16-05-2013
txn_32,TxUI78357,TxUI160,153573,16-05-2013
txn_166,TxUI89164,TxUI120,62598,16-05-2013
txn_390,TxUI140,TxUI78374,174699,16-05-2013
txn_1282,TxUI20875,TxUI378,225840,16-05-2013
txn_2240,TxUI137361,TxUI548,97540,16-05-2013
txn_2299,TxUI15638,TxUI545,14165,16-05-2013
txn_2300,TxUI236330,TxUI573,54531,16-05-2013
txn_2369,TxUI525,TxUI137330,194430,16-05-2013
txn_2429,TxUI522,TxUI236331,20763,16-05-2013
txn_2298,TxUI98826,TxUI529,17912,17-05-2013
txn_2428,TxUI594,TxUI98894,77129,17-05-2013
txn_534,TxUI197,TxUI89124,79677,18-05-2013
txn_2297,TxUI734111,TxUI530,54210,18-05-2013
txn_2427,TxUI571,TxUI734140,91132,18-05-2013
txn_165,TxUI323388,TxUI175,97025,19-05-2013
txn_533,TxUI167,TxUI323315,82145,19-05-2013
txn_532,TxUI142,TxUI157086,69142,20-05-2013
txn_1289,TxUI81598,TxUI379,477245,20-05-2013
txn_1425,TxUI43570,TxUI348,89880,20-05-2013
txn_391,TxUI189,TxUI82145,289128,21-05-2013
txn_1367,TxUI751236,TxUI330,91828,21-05-2013
txn_1599,TxUI397,TxUI751212,36120,21-05-2013
txn_1654,TxUI316,TxUI290397,52163,21-05-2013
txn_2296,TxUI323649,TxUI514,75795,21-05-2013
txn_2426,TxUI527,TxUI323611,65581,21-05-2013
txn_531,TxUI146,TxUI29031,16089,23-05-2013
txn_2309,TxUI28916,TxUI512,69784,23-05-2013
txn_164,TxUI29093,TxUI151,81553,24-05-2013
txn_2295,TxUI89025,TxUI556,51031,24-05-2013
txn_2425,TxUI586,TxUI89094,36488,24-05-2013
txn_2294,TxUI183257,TxUI553,66553,25-05-2013
txn_2423,TxUI594,TxUI183258,77231,25-05-2013
txn_2424,TxUI571,TxUI135925,70966,25-05-2013
txn_530,TxUI171,TxUI157434,28728,26-05-2013
txn_998,TxUI3134Z,TxUI1Z,69561,26-05-2013
txn_1325,TxUI11579,TxUI355,240495,26-05-2013
txn_1556,TxUI391,TxUI11518,48534,26-05-2013
txn_529,TxUI118,TxUI324594,63055,27-05-2013
txn_3,TxUI3134,TxUI1,684700,28-05-2013
txn_2293,TxUI185994,TxUI533,44543,29-05-2013
txn_2422,TxUI519,TxUI185926,96449,29-05-2013
txn_528,TxUI144,TxUI15193,29046,30-05-2013
txn_31,TxUI324586,TxUI119,273342,31-05-2013
txn_2204,TxUI8128,TxUI597,244812,31-05-2013
txn_2340,TxUI585,TxUI8118,144912,31-05-2013
txn_2313,TxUI582,TxUI894,542752,02-06-2013
txn_1308,TxUI4213,TxUI383,213624,03-06-2013
txn_71,TxUI12123,TxUI152,158848,04-06-2013
txn_526,TxUI199,TxUI324743,92310,04-06-2013
txn_527,TxUI114,TxUI236883,15074,04-06-2013
txn_1559,TxUI328,TxUI26211,191136,04-06-2013
txn_1369,TxUI4970,TxUI343,106522,05-06-2013
txn_1590,TxUI391,TxUI738016,144012,05-06-2013
txn_2292,TxUI744467,TxUI553,18223,05-06-2013
txn_2421,TxUI598,TxUI744481,28896,05-06-2013
txn_1267,TxUI10395,TxUI392,89224,06-06-2013
txn_1518,TxUI347,TxUI10372,569916,06-06-2013
txn_2291,TxUI69248,TxUI512,42033,06-06-2013
txn_2420,TxUI579,TxUI69225,35890,06-06-2013
txn_525,TxUI129,TxUI186066,26298,07-06-2013
txn_1269,TxUI4331,TxUI356,176344,07-06-2013
txn_1361,TxUI157690,TxUI341,115186,07-06-2013
txn_1525,TxUI328,TxUI4389,117175,07-06-2013
txn_1549,TxUI396,TxUI89164,292095,07-06-2013
txn_1589,TxUI371,TxUI157692,136890,07-06-2013
txn_2199,TxUI119224,TxUI520,115240,07-06-2013
txn_378,TxUI156,TxUI59462,251780,10-06-2013
txn_1294,TxUI25913,TxUI355,250500,10-06-2013
txn_2173,TxUI37297,TxUI574,220440,11-06-2013
txn_2198,TxUI33533,TxUI533,249652,11-06-2013
txn_2290,TxUI17224,TxUI553,96382,11-06-2013
txn_2368,TxUI549,TxUI119252,83082,11-06-2013
txn_2367,TxUI583,TxUI26246,43292,12-06-2013
txn_2339,TxUI571,TxUI55794,48476,13-06-2013
txn_70,TxUI186015,TxUI145,105158,14-06-2013
txn_2182,TxUI55734,TxUI587,476928,14-06-2013
txn_2220,TxUI11545,TxUI534,265836,14-06-2013
txn_2352,TxUI591,TxUI11566,177489,14-06-2013
txn_2419,TxUI537,TxUI10355,39617,14-06-2013
txn_1273,TxUI28713,TxUI352,420552,16-06-2013
txn_1517,TxUI314,TxUI28781,119808,16-06-2013
txn_524,TxUI192,TxUI325315,61175,17-06-2013
txn_1272,TxUI33324,TxUI339,92586,17-06-2013
txn_1424,TxUI9730,TxUI360,42694,17-06-2013
txn_1524,TxUI360,TxUI33356,278655,17-06-2013
txn_1653,TxUI366,TxUI9762,94132,17-06-2013
txn_2201,TxUI89376,TxUI538,76688,17-06-2013
txn_2239,TxUI80148,TxUI556,126564,17-06-2013
txn_2289,TxUI137628,TxUI531,44653,17-06-2013
txn_2351,TxUI511,TxUI89375,197952,17-06-2013
txn_2417,TxUI520,TxUI137623,35607,17-06-2013
txn_2418,TxUI566,TxUI80149,66098,17-06-2013
txn_911,TxUI16595,TxUI291,351618,19-06-2013
txn_1271,TxUI738097,TxUI383,509106,19-06-2013
txn_1300,TxUI89143,TxUI347,256680,19-06-2013
txn_2288,TxUI185425,TxUI590,26866,19-06-2013
txn_2416,TxUI560,TxUI185435,64585,19-06-2013
txn_404,TxUI129,TxUI236777,67924,20-06-2013
txn_2218,TxUI106872,TxUI551,137751,21-06-2013
txn_2349,TxUI572,TxUI106826,237378,21-06-2013
txn_1423,TxUI137528,TxUI332,83808,22-06-2013
txn_1652,TxUI374,TxUI137583,37390,22-06-2013
txn_1318,TxUI326080,TxUI364,42750,23-06-2013
txn_1651,TxUI353,TxUI326060,79384,23-06-2013
txn_2238,TxUI137588,TxUI520,152594,23-06-2013
txn_2286,TxUI21675,TxUI512,90129,23-06-2013
txn_2287,TxUI325414,TxUI581,43773,23-06-2013
txn_2366,TxUI553,TxUI137576,123820,23-06-2013
txn_2415,TxUI576,TxUI21647,68327,23-06-2013
txn_377,TxUI154,TxUI1134,476260,24-06-2013
txn_523,TxUI154,TxUI106154,11199,26-06-2013
txn_1281,TxUI55720,TxUI330,414500,26-06-2013
txn_1304,TxUI9353,TxUI394,202900,26-06-2013
txn_1534,TxUI310,TxUI9326,73636,26-06-2013
txn_1552,TxUI381,TxUI55793,46938,26-06-2013
txn_1422,TxUI15416,TxUI312,89152,27-06-2013
txn_162,TxUI184625,TxUI127,85472,28-06-2013
txn_163,TxUI106643,TxUI192,90891,28-06-2013
txn_405,TxUI133,TxUI325483,112578,28-06-2013
txn_522,TxUI115,TxUI106663,32439,28-06-2013
txn_1421,TxUI29565,TxUI378,51170,28-06-2013
txn_1650,TxUI370,TxUI29530,71925,28-06-2013
txn_521,TxUI181,TxUI325951,88196,30-06-2013
txn_34,TxUI135876,TxUI133,92163,02-07-2013
txn_410,TxUI128,TxUI135858,40766,02-07-2013
txn_520,TxUI116,TxUI184627,59382,03-07-2013
txn_77,TxUI45996,TxUI150,159492,04-07-2013
txn_2285,TxUI33624,TxUI580,30922,04-07-2013
txn_2414,TxUI595,TxUI33618,48369,04-07-2013
txn_1418,TxUI133694,TxUI348,31317,05-07-2013
txn_1419,TxUI34586,TxUI358,53792,05-07-2013
txn_1420,TxUI33680,TxUI344,60723,05-07-2013
txn_1512,TxUI324,TxUI555,529840,05-07-2013
txn_1648,TxUI342,TxUI133696,53204,05-07-2013
txn_1649,TxUI317,TxUI34520,62256,05-07-2013
txn_2413,TxUI541,TxUI68424,52013,05-07-2013
txn_167,TxUI24799,TxUI171,93419,08-07-2013
txn_407,TxUI124,TxUI24712,76210,08-07-2013
txn_2284,TxUI186812,TxUI593,50670,08-07-2013
txn_2325,TxUI590,TxUI6843,397470,08-07-2013
txn_2412,TxUI520,TxUI186889,28559,08-07-2013
txn_1773,TxUI951,TxUI454,479190,09-07-2013
txn_519,TxUI177,TxUI325686,90079,11-07-2013
txn_2236,TxUI68411,TxUI539,109472,11-07-2013
txn_2283,TxUI9360,TxUI534,14176,11-07-2013
txn_2411,TxUI546,TxUI9316,96457,11-07-2013
txn_73,TxUI157068,TxUI152,77848,13-07-2013
txn_1316,TxUI325431,TxUI354,282402,13-07-2013
txn_1588,TxUI321,TxUI325455,73488,13-07-2013
txn_2200,TxUI17425,TxUI576,187520,13-07-2013
txn_515,TxUI176,TxUI45488,59485,14-07-2013
txn_516,TxUI181,TxUI237523,22110,14-07-2013
txn_517,TxUI169,TxUI29294,90849,14-07-2013
txn_518,TxUI137,TxUI15892,69682,14-07-2013
txn_2191,TxUI9777,TxUI567,487255,14-07-2013
txn_2410,TxUI555,TxUI9797,43203,14-07-2013
txn_1276,TxUI3460,TxUI310,381370,15-07-2013
txn_1591,TxUI313,TxUI752536,132096,15-07-2013
txn_1317,TxUI29116,TxUI353,179694,16-07-2013
txn_1548,TxUI315,TxUI29192,45885,16-07-2013
txn_1587,TxUI359,TxUI24738,151264,16-07-2013
txn_2195,TxUI137292,TxUI547,63756,16-07-2013
txn_21,TxUI37,TxUI7188,413530,17-07-2013
txn_1417,TxUI327526,TxUI379,98819,18-07-2013
txn_1647,TxUI371,TxUI327538,34484,18-07-2013
txn_30,TxUI12667,TxUI180,295515,19-07-2013
txn_943,TxUI8562,TxUI294,196296,19-07-2013
txn_2235,TxUI13532,TxUI518,86904,20-07-2013
txn_2281,TxUI137879,TxUI543,10882,20-07-2013
txn_2282,TxUI13650,TxUI560,79603,20-07-2013
txn_2364,TxUI532,TxUI13541,120392,20-07-2013
txn_2408,TxUI572,TxUI137817,30955,20-07-2013
txn_2409,TxUI572,TxUI13692,95112,20-07-2013
txn_2327,TxUI534,TxUI33586,135245,22-07-2013
txn_2363,TxUI599,TxUI137298,161538,22-07-2013
txn_161,TxUI157945,TxUI132,11870,23-07-2013
txn_160,TxUI15861,TxUI124,32209,26-07-2013
txn_1301,TxUI81883,TxUI347,93260,26-07-2013
txn_159,TxUI29162,TxUI158,23609,27-07-2013
txn_513,TxUI144,TxUI157940,48995,27-07-2013
txn_514,TxUI196,TxUI29132,45221,27-07-2013
txn_555,TxUI121,TxUI234269,35639,27-07-2013
txn_2347,TxUI563,TxUI187254,112875,28-07-2013
txn_512,TxUI142,TxUI237891,97501,29-07-2013
txn_2216,TxUI187259,TxUI571,152442,29-07-2013
txn_2280,TxUI29258,TxUI581,76855,29-07-2013
txn_2196,TxUI81888,TxUI568,59000,30-07-2013
txn_2338,TxUI596,TxUI81813,238588,30-07-2013
txn_28,TxUI1095,TxUI192,212121,31-07-2013
txn_389,TxUI189,TxUI1047,32619,31-07-2013
txn_511,TxUI165,TxUI327929,73270,31-07-2013
txn_2279,TxUI106584,TxUI524,67051,01-08-2013
txn_2407,TxUI592,TxUI106512,61221,01-08-2013
txn_158,TxUI187510,TxUI166,84545,02-08-2013
txn_157,TxUI327493,TxUI144,15590,03-08-2013
txn_2214,TxUI24228,TxUI557,135684,04-08-2013
txn_2278,TxUI82513,TxUI548,81094,04-08-2013
txn_2406,TxUI526,TxUI82544,39927,04-08-2013
txn_68,TxUI327943,TxUI121,194866,05-08-2013
txn_509,TxUI183,TxUI328379,60331,05-08-2013
txn_510,TxUI169,TxUI187597,44207,05-08-2013
txn_1110,TxUI224,TxUI781,141468,06-08-2013
txn_2190,TxUI10080,TxUI552,152170,06-08-2013
txn_2323,TxUI540,TxUI10032,117200,06-08-2013
txn_2215,TxUI19762,TxUI531,272409,07-08-2013
txn_2276,TxUI119487,TxUI520,41149,08-08-2013
txn_2277,TxUI233337,TxUI570,71932,08-08-2013
txn_2404,TxUI599,TxUI119497,36909,08-08-2013
txn_2405,TxUI548,TxUI233390,85313,08-08-2013
txn_156,TxUI759712,TxUI174,73916,09-08-2013
txn_1519,TxUI388,TxUI3488,246110,12-08-2013
txn_72,TxUI15118,TxUI190,180750,13-08-2013
txn_1090,TxUI220,TxUI897,168370,13-08-2013
txn_2176,TxUI1912,TxUI561,118248,14-08-2013
txn_2,TxUI430,TxUI160,841210,15-08-2013
txn_930,TxUI2452,TxUI239,149092,15-08-2013
txn_1109,TxUI222,TxUI2453,206886,16-08-2013
txn_1132,TxUI264,TxUI1387,75118,16-08-2013
txn_1133,TxUI248,TxUI13982,179916,16-08-2013
txn_1134,TxUI235,TxUI20665,114160,16-08-2013
txn_1177,TxUI231,TxUI9583,19426,16-08-2013
txn_1178,TxUI226,TxUI8536,14102,16-08-2013
txn_1179,TxUI252,TxUI317,13590,16-08-2013
txn_2275,TxUI235438,TxUI525,12138,16-08-2013
txn_2403,TxUI568,TxUI235417,13734,16-08-2013
txn_1131,TxUI230,TxUI1474,38888,18-08-2013
txn_1174,TxUI279,TxUI1659,79261,18-08-2013
txn_1175,TxUI261,TxUI41221,71375,18-08-2013
txn_1176,TxUI285,TxUI534283,43151,18-08-2013
txn_83,TxUI135532,TxUI175,118676,19-08-2013
txn_2233,TxUI59755,TxUI559,44492,19-08-2013
txn_2274,TxUI48437,TxUI527,53001,19-08-2013
txn_2401,TxUI576,TxUI59782,68272,19-08-2013
txn_2402,TxUI553,TxUI236097,87547,19-08-2013
txn_2273,TxUI238666,TxUI544,15827,21-08-2013
txn_2400,TxUI578,TxUI238662,73424,21-08-2013
txn_507,TxUI164,TxUI238338,49937,22-08-2013
txn_508,TxUI172,TxUI119552,38392,22-08-2013
txn_2169,TxUI1115,TxUI525,817470,22-08-2013
txn_2334,TxUI587,TxUI98246,337152,23-08-2013
txn_506,TxUI173,TxUI329067,91466,24-08-2013
txn_2314,TxUI521,TxUI4615,386078,26-08-2013
txn_2315,TxUI557,TxUI1359,188244,26-08-2013
txn_154,TxUI329232,TxUI176,29515,27-08-2013
txn_155,TxUI329078,TxUI183,60334,27-08-2013
txn_505,TxUI187,TxUI329287,59079,27-08-2013
txn_2189,TxUI98212,TxUI523,374890,29-08-2013
txn_153,TxUI43230,TxUI144,95023,31-08-2013
txn_504,TxUI128,TxUI43266,58852,31-08-2013
txn_502,TxUI193,TxUI46244,49134,02-09-2013
txn_1416,TxUI30911,TxUI329,15829,02-09-2013
txn_1646,TxUI382,TxUI30993,69481,02-09-2013
txn_2172,TxUI24819,TxUI595,402030,02-09-2013
txn_2316,TxUI557,TxUI24857,95508,02-09-2013
txn_152,TxUI329825,TxUI162,62412,03-09-2013
txn_942,TxUI7368,TxUI242,262857,03-09-2013
txn_2237,TxUI28887,TxUI517,118982,03-09-2013
txn_2328,TxUI554,TxUI17424,271640,03-09-2013
txn_35,TxUI118013,TxUI145,113607,04-09-2013
txn_22,TxUI7188,TxUI3134,367245,05-09-2013
txn_66,TxUI187771,TxUI127,188480,05-09-2013
txn_67,TxUI46233,TxUI151,91782,05-09-2013
txn_376,TxUI183,TxUI30990,321390,05-09-2013
txn_2272,TxUI14697,TxUI566,54765,05-09-2013
txn_2399,TxUI517,TxUI14661,40078,05-09-2013
txn_2212,TxUI82666,TxUI537,195726,06-09-2013
txn_29,TxUI237834,TxUI124,37800,08-09-2013
txn_402,TxUI148,TxUI187799,118128,11-09-2013
txn_500,TxUI191,TxUI89648,78002,11-09-2013
txn_501,TxUI117,TxUI329873,84313,11-09-2013
txn_1415,TxUI1961,TxUI326,38366,11-09-2013
txn_2192,TxUI738023,TxUI559,168432,11-09-2013
txn_151,TxUI239110,TxUI112,55749,14-09-2013
txn_499,TxUI146,TxUI239193,61947,14-09-2013
txn_2213,TxUI12297,TxUI525,83628,15-09-2013
txn_2346,TxUI596,TxUI12292,109332,15-09-2013
txn_1477,TxUI2782,TxUI340,65146,16-09-2013
txn_2271,TxUI46283,TxUI587,56485,16-09-2013
txn_2398,TxUI568,TxUI46211,79778,16-09-2013
txn_498,TxUI169,TxUI152268,77460,20-09-2013
txn_2270,TxUI300927,TxUI515,33072,21-09-2013
txn_2397,TxUI586,TxUI300999,74212,21-09-2013
txn_150,TxUI152253,TxUI111,55553,23-09-2013
txn_497,TxUI137,TxUI330079,88020,23-09-2013
txn_503,TxUI127,TxUI329531,51659,23-09-2013
txn_2211,TxUI6140,TxUI535,270582,23-09-2013
txn_65,TxUI330059,TxUI124,109128,27-09-2013
txn_2171,TxUI6711,TxUI584,767910,29-09-2013
txn_2311,TxUI530,TxUI6774,694360,29-09-2013
txn_403,TxUI116,TxUI8728,70380,02-10-2013
txn_2170,TxUI6829,TxUI518,909750,02-10-2013
txn_2231,TxUI43476,TxUI549,118060,02-10-2013
txn_2360,TxUI596,TxUI43457,55130,02-10-2013
txn_1414,TxUI21917,TxUI317,97658,04-10-2013
txn_19,TxUI1583,TxUI1,139795,05-10-2013
txn_381,TxUI144,TxUI158322,193776,05-10-2013
txn_941,TxUI3052,TxUI285,260829,05-10-2013
txn_2230,TxUI2654,TxUI511,91038,05-10-2013
txn_2359,TxUI576,TxUI2689,170108,05-10-2013
txn_2343,TxUI545,TxUI6153,92556,08-10-2013
txn_43,TxUI33014,TxUI126,36990,10-10-2013
txn_961,TxUI33062,TxUI292,66484,10-10-2013
txn_20,TxUI87,TxUI1,378390,15-10-2013
txn_997,TxUI430Z,TxUI160Z,80116,16-10-2013
txn_1173,TxUI272,TxUI115687,27810,16-10-2013
txn_2193,TxUI2451,TxUI528,47368,18-10-2013
txn_2342,TxUI513,TxUI2452,72546,18-10-2013
txn_2179,TxUI43332,TxUI546,633843,20-10-2013
txn_2210,TxUI3354,TxUI531,252732,20-10-2013
txn_2396,TxUI529,TxUI3383,33204,20-10-2013
txn_2317,TxUI570,TxUI646,446202,21-10-2013
txn_963,TxUI24172,TxUI269,159138,22-10-2013
txn_2268,TxUI2791,TxUI597,19390,23-10-2013
txn_2269,TxUI190910,TxUI589,54101,23-10-2013
txn_2329,TxUI540,TxUI4223,130470,23-10-2013
txn_2394,TxUI538,TxUI2758,48194,23-10-2013
txn_2395,TxUI543,TxUI190939,89744,23-10-2013
txn_2174,TxUI4277,TxUI534,310509,25-10-2013
txn_495,TxUI141,TxUI61745,81190,30-10-2013
txn_496,TxUI147,TxUI331360,58370,30-10-2013
txn_2234,TxUI30946,TxUI591,152720,30-10-2013
txn_2267,TxUI28067,TxUI594,83837,30-10-2013
txn_2362,TxUI551,TxUI30974,105554,30-10-2013
txn_2393,TxUI512,TxUI28062,18081,30-10-2013
txn_2263,TxUI835,TxUI566,57921,31-10-2013
txn_2264,TxUI77474,TxUI578,81583,31-10-2013
txn_2265,TxUI69546,TxUI569,69625,31-10-2013
txn_2266,TxUI115682,TxUI533,30548,31-10-2013
txn_2390,TxUI549,TxUI77451,46963,31-10-2013
txn_2391,TxUI568,TxUI69562,49842,31-10-2013
txn_2392,TxUI594,TxUI115628,14102,31-10-2013
txn_2262,TxUI31078,TxUI575,58062,02-11-2013
txn_2389,TxUI589,TxUI31094,82747,02-11-2013
txn_1265,TxUI568,TxUI387,94408,05-11-2013
txn_2181,TxUI4353,TxUI551,540204,05-11-2013
txn_2336,TxUI561,TxUI4337,271864,05-11-2013
txn_1645,TxUI337,TxUI137976,22966,06-11-2013
txn_2187,TxUI645,TxUI541,325070,06-11-2013
txn_2261,TxUI330995,TxUI553,16659,06-11-2013
txn_2388,TxUI513,TxUI330983,74941,06-11-2013
txn_1413,TxUI137911,TxUI328,86506,07-11-2013
txn_64,TxUI61726,TxUI146,119412,08-11-2013
txn_2232,TxUI11882,TxUI541,128140,08-11-2013
txn_2361,TxUI568,TxUI11812,134400,08-11-2013
txn_2185,TxUI43561,TxUI591,120410,09-11-2013
txn_2217,TxUI39170,TxUI597,277665,09-11-2013
txn_2260,TxUI181949,TxUI590,43662,09-11-2013
txn_2321,TxUI515,TxUI43536,296030,09-11-2013
txn_2348,TxUI581,TxUI39195,94653,09-11-2013
txn_2387,TxUI542,TxUI181914,72491,09-11-2013
txn_63,TxUI89628,TxUI182,76190,10-11-2013
txn_2326,TxUI573,TxUI16376,316315,13-11-2013
txn_18,TxUI649,TxUI1,51195,15-11-2013
txn_2259,TxUI12045,TxUI558,32141,15-11-2013
txn_2386,TxUI554,TxUI12080,57570,15-11-2013
txn_8,TxUI95,TxUI1,277902,16-11-2013
txn_2474,TxUI532,TxUI313366,446360,16-11-2013
txn_1323,TxUI3049,TxUI378,42237,17-11-2013
txn_1382,TxUI17349,TxUI376,166256,17-11-2013
txn_2258,TxUI24532,TxUI569,47389,18-11-2013
txn_2384,TxUI569,TxUI320672,49091,18-11-2013
txn_2385,TxUI554,TxUI24545,28557,18-11-2013
txn_149,TxUI15447,TxUI187,32104,19-11-2013
txn_493,TxUI192,TxUI15473,25891,19-11-2013
txn_2256,TxUI59927,TxUI569,30535,19-11-2013
txn_2257,TxUI3074,TxUI581,87863,19-11-2013
txn_2383,TxUI527,TxUI59986,98263,19-11-2013
txn_148,TxUI188636,TxUI143,97688,20-11-2013
txn_491,TxUI143,TxUI188658,53703,20-11-2013
txn_492,TxUI132,TxUI64995,88958,20-11-2013
txn_494,TxUI118,TxUI331678,11021,20-11-2013
txn_1359,TxUI16360,TxUI371,27534,20-11-2013
txn_1584,TxUI314,TxUI16311,103620,20-11-2013
txn_2229,TxUI320669,TxUI579,166586,21-11-2013
txn_2318,TxUI527,TxUI3129,132054,21-11-2013
txn_1412,TxUI72025,TxUI378,55618,22-11-2013
txn_1643,TxUI382,TxUI72059,83649,22-11-2013
txn_2472,TxUI556,TxUI758584,252620,22-11-2013
txn_2473,TxUI529,TxUI756337,264520,22-11-2013
txn_146,TxUI119777,TxUI178,79009,23-11-2013
txn_147,TxUI331616,TxUI179,33753,23-11-2013
txn_1411,TxUI332871,TxUI344,45994,23-11-2013
txn_1585,TxUI399,TxUI15822,186066,23-11-2013
txn_1642,TxUI376,TxUI332896,93478,23-11-2013
txn_1360,TxUI15891,TxUI373,79534,24-11-2013
txn_2255,TxUI2227,TxUI541,41931,24-11-2013
txn_1172,TxUI286,TxUI11116,14741,25-11-2013
txn_2442,TxUI589,TxUI239726,44765,25-11-2013
txn_1358,TxUI8824,TxUI394,150948,26-11-2013
txn_1583,TxUI319,TxUI8826,176976,26-11-2013
txn_1586,TxUI312,TxUI59036,181912,26-11-2013
txn_2312,TxUI538,TxUI1917,696456,26-11-2013
txn_2471,TxUI528,TxUI94637,836890,26-11-2013
txn_490,TxUI133,TxUI186236,47353,27-11-2013
txn_1130,TxUI268,TxUI169127,107034,27-11-2013
txn_1410,TxUI65097,TxUI390,90300,27-11-2013
txn_1523,TxUI370,TxUI35165,253155,27-11-2013
txn_1633,TxUI389,TxUI74879,116674,27-11-2013
txn_2254,TxUI239581,TxUI552,94964,27-11-2013
txn_2350,TxUI571,TxUI8881,117474,27-11-2013
txn_2382,TxUI584,TxUI239528,17057,27-11-2013
txn_2470,TxUI531,TxUI75971,333810,27-11-2013
txn_2253,TxUI64193,TxUI517,66351,28-11-2013
txn_2358,TxUI532,TxUI64150,183666,28-11-2013
txn_2469,TxUI587,TxUI748520,949850,28-11-2013
txn_145,TxUI333072,TxUI163,86654,29-11-2013
txn_485,TxUI192,TxUI333075,29158,29-11-2013
txn_486,TxUI179,TxUI186752,11289,29-11-2013
txn_487,TxUI190,TxUI119723,96064,29-11-2013
txn_488,TxUI184,TxUI331949,56222,29-11-2013
txn_489,TxUI111,TxUI188528,13004,29-11-2013
txn_1644,TxUI330,TxUI65076,95232,29-11-2013
txn_144,TxUI188567,TxUI199,56962,30-11-2013
txn_1275,TxUI2676,TxUI398,117795,30-11-2013
txn_1285,TxUI97485,TxUI399,181245,30-11-2013
txn_1532,TxUI331,TxUI97440,74128,30-11-2013
txn_2252,TxUI15429,TxUI575,34619,01-12-2013
txn_2381,TxUI581,TxUI15426,26687,01-12-2013
txn_2208,TxUI2961,TxUI578,83403,02-12-2013
txn_2219,TxUI8815,TxUI557,30546,02-12-2013
txn_2345,TxUI528,TxUI82613,129030,02-12-2013
txn_2357,TxUI528,TxUI2966,178872,02-12-2013
txn_2468,TxUI563,TxUI742357,510300,02-12-2013
txn_1315,TxUI59053,TxUI333,99729,03-12-2013
txn_2380,TxUI560,TxUI330761,30380,03-12-2013
txn_2251,TxUI4799,TxUI555,49073,04-12-2013
txn_143,TxUI333242,TxUI163,16724,05-12-2013
txn_484,TxUI172,TxUI333245,66483,05-12-2013
txn_482,TxUI114,TxUI331792,90867,06-12-2013
txn_483,TxUI185,TxUI332944,68330,06-12-2013
txn_2324,TxUI519,TxUI24233,318385,06-12-2013
txn_414,TxUI172,TxUI22298,125488,07-12-2013
txn_481,TxUI125,TxUI333591,23468,08-12-2013
txn_2228,TxUI330737,TxUI513,77578,08-12-2013
txn_2250,TxUI60232,TxUI527,43640,08-12-2013
txn_2379,TxUI549,TxUI60283,86850,08-12-2013
txn_2183,TxUI4987,TxUI564,497526,10-12-2013
txn_2186,TxUI3293,TxUI510,260270,10-12-2013
txn_2335,TxUI574,TxUI4999,372352,10-12-2013
txn_479,TxUI166,TxUI240177,70499,11-12-2013
txn_480,TxUI132,TxUI138292,86870,11-12-2013
txn_2320,TxUI533,TxUI3266,430510,11-12-2013
txn_960,TxUI20681,TxUI236,117960,14-12-2013
txn_2467,TxUI528,TxUI351651,542630,14-12-2013
txn_959,TxUI8735,TxUI248,145324,15-12-2013
txn_2466,TxUI524,TxUI755011,129940,15-12-2013
txn_996,TxUI7188Z,TxUI430Z,26877,16-12-2013
txn_1170,TxUI244,TxUI8729,28929,16-12-2013
txn_1171,TxUI230,TxUI519,46501,16-12-2013
txn_2203,TxUI1264,TxUI588,104764,16-12-2013
txn_2353,TxUI554,TxUI1245,283107,16-12-2013
txn_61,TxUI331942,TxUI192,167144,17-12-2013
txn_69,TxUI45411,TxUI199,189096,17-12-2013
txn_2197,TxUI10326,TxUI538,54896,17-12-2013
txn_2249,TxUI333678,TxUI579,86009,17-12-2013
txn_2378,TxUI528,TxUI333690,60700,17-12-2013
txn_2465,TxUI522,TxUI25575,139030,18-12-2013
txn_860,TxUI124,TxUI734816,70608,19-12-2013
txn_2319,TxUI561,TxUI5352,410442,20-12-2013
txn_2226,TxUI17833,TxUI584,95442,21-12-2013
txn_2377,TxUI576,TxUI17826,53119,21-12-2013
txn_2463,TxUI589,TxUI38496,980260,21-12-2013
txn_2464,TxUI517,TxUI757597,810580,21-12-2013
txn_2168,TxUI19111,TxUI532,522640,29-12-2013
txn_477,TxUI164,TxUI333982,49773,30-12-2013
txn_478,TxUI179,TxUI240214,39331,30-12-2013
txn_731,TxUI188,TxUI37032,65049,30-12-2013
txn_2177,TxUI5315,TxUI572,188696,02-01-2014
txn_476,TxUI132,TxUI334195,90699,05-01-2014
txn_2248,TxUI23810,TxUI549,62594,05-01-2014
txn_2376,TxUI549,TxUI23833,66264,05-01-2014
txn_17,TxUI3341,TxUI1,211265,06-01-2014
txn_2247,TxUI46012,TxUI569,91911,08-01-2014
txn_2375,TxUI575,TxUI46074,93589,08-01-2014
txn_2441,TxUI523,TxUI117667,74594,08-01-2014
txn_475,TxUI173,TxUI158934,63270,09-01-2014
txn_1299,TxUI10583,TxUI376,322536,09-01-2014
txn_1529,TxUI390,TxUI10513,110820,09-01-2014
txn_2225,TxUI9226,TxUI584,124792,12-01-2014
txn_2374,TxUI593,TxUI9278,86957,12-01-2014
txn_2373,TxUI557,TxUI8220,97015,13-01-2014
txn_474,TxUI151,TxUI119853,39177,15-01-2014
txn_16,TxUI3329,TxUI1,138905,17-01-2014
txn_2440,TxUI579,TxUI155128,56519,18-01-2014
txn_2462,TxUI535,TxUI747766,177020,18-01-2014
txn_1409,TxUI7248,TxUI370,81308,19-01-2014
txn_1641,TxUI343,TxUI7272,54526,19-01-2014
txn_60,TxUI119891,TxUI191,75922,23-01-2014
txn_473,TxUI133,TxUI14690,21074,24-01-2014
txn_27,TxUI240192,TxUI128,124659,25-01-2014
txn_2365,TxUI520,TxUI28868,48536,26-01-2014
txn_58,TxUI14662,TxUI128,96996,28-01-2014
txn_57,TxUI19644,TxUI115,55420,05-02-2014
txn_400,TxUI128,TxUI19662,35286,05-02-2014
txn_2372,TxUI574,TxUI12591,72471,05-02-2014
txn_59,TxUI41669,TxUI150,22464,08-02-2014
txn_401,TxUI195,TxUI41629,20882,08-02-2014
txn_472,TxUI118,TxUI54595,86602,08-02-2014
txn_142,TxUI138234,TxUI110,22556,10-02-2014
txn_1407,TxUI29015,TxUI333,12381,13-02-2014
txn_1408,TxUI8722,TxUI379,94516,13-02-2014
txn_1515,TxUI356,TxUI20722,416562,13-02-2014
txn_1639,TxUI382,TxUI29027,62103,13-02-2014
txn_1640,TxUI320,TxUI8725,30580,13-02-2014
txn_1290,TxUI12047,TxUI371,475145,14-02-2014
txn_1522,TxUI314,TxUI12045,486395,14-02-2014
txn_2322,TxUI582,TxUI19131,148910,15-02-2014
txn_56,TxUI158062,TxUI197,100138,16-02-2014
txn_2194,TxUI29190,TxUI551,358484,16-02-2014
txn_2337,TxUI579,TxUI29179,61876,16-02-2014
txn_1268,TxUI20777,TxUI342,592557,18-02-2014
txn_1839,TxUI335697,TxUI466,169968,21-02-2014
txn_1887,TxUI240515,TxUI456,35602,21-02-2014
txn_2091,TxUI430,TxUI240530,79144,21-02-2014
txn_940,TxUI138035,TxUI219,100302,22-02-2014
txn_1128,TxUI211,TxUI138094,141560,22-02-2014
txn_1129,TxUI215,TxUI240443,41948,22-02-2014
txn_2090,TxUI477,TxUI335627,60607,22-02-2014
txn_929,TxUI240436,TxUI287,194148,23-02-2014
txn_931,TxUI1978,TxUI292,161608,23-02-2014
txn_993,TxUI22212,TxUI289,22084,23-02-2014
txn_1135,TxUI225,TxUI1952,105328,23-02-2014
txn_893,TxUI2227,TxUI266,522896,24-02-2014
txn_914,TxUI24260,TxUI257,88740,24-02-2014
txn_1105,TxUI274,TxUI2239,62924,24-02-2014
txn_1169,TxUI296,TxUI24251,27131,24-02-2014
txn_2461,TxUI552,TxUI752199,447620,25-02-2014
txn_994,TxUI64793,TxUI223,97832,26-02-2014
txn_2310,TxUI753170,TxUI538,338000,26-02-2014
txn_2333,TxUI561,TxUI5816,202716,27-02-2014
txn_2167,TxUI60333,TxUI569,270820,02-03-2014
txn_886,TxUI3856,TxUI280,104337,10-03-2014
txn_1069,TxUI219,TxUI3826,453843,10-03-2014
txn_2443,TxUI580,TxUI755937,301415,11-03-2014
txn_2459,TxUI536,TxUI740636,388150,12-03-2014
txn_7,TxUI1583,TxUI1,487250,13-03-2014
txn_1753,TxUI314,TxUI17291,16960,16-03-2014
txn_470,TxUI113,TxUI334983,69360,20-03-2014
txn_471,TxUI110,TxUI158088,13060,20-03-2014
txn_2458,TxUI556,TxUI1136,307910,26-03-2014
txn_1547,TxUI326,TxUI1988,74520,28-03-2014
txn_62,TxUI186774,TxUI193,21970,02-04-2014
txn_141,TxUI70987,TxUI194,74447,03-04-2014
txn_469,TxUI114,TxUI70954,30924,03-04-2014
txn_1580,TxUI376,TxUI39643,143013,06-04-2014
txn_140,TxUI102479,TxUI117,55775,07-04-2014
txn_468,TxUI145,TxUI102473,83893,07-04-2014
txn_1127,TxUI245,TxUI16489,145804,08-04-2014
txn_1352,TxUI39610,TxUI363,186963,10-04-2014
txn_98,TxUI25989,TxUI131,140724,14-04-2014
txn_2222,TxUI9614,TxUI594,28636,14-04-2014
txn_2355,TxUI561,TxUI9648,90496,14-04-2014
txn_1405,TxUI229350,TxUI374,18323,16-04-2014
txn_992,TxUI4377,TxUI215,70411,18-04-2014
txn_1168,TxUI290,TxUI4352,72057,18-04-2014
txn_913,TxUI843,TxUI249,52705,23-04-2014
txn_467,TxUI155,TxUI336731,81375,24-04-2014
txn_991,TxUI12620,TxUI286,35224,24-04-2014
txn_1167,TxUI214,TxUI12631,89018,24-04-2014
txn_1754,TxUI377,TxUI760483,699270,24-04-2014
txn_990,TxUI17359,TxUI297,14300,29-04-2014
txn_2439,TxUI540,TxUI756893,28227,29-04-2014
txn_139,TxUI337583,TxUI180,80807,04-05-2014
txn_466,TxUI89H,TxUI256H,80374,04-05-2014
txn_1357,TxUI233693,TxUI353,34726,04-05-2014
txn_958,TxUI233633,TxUI290,163964,05-05-2014
txn_2444,TxUI532,TxUI240852,182120,05-05-2014
txn_864,TxUI136867,TxUI243,466720,06-05-2014
txn_465,TxUI89H,TxUI161H,15693,12-05-2014
txn_464,TxUI888H,TxUI1H,69759,14-05-2014
txn_2344,TxUI578,TxUI15855,280101,26-05-2014
txn_1166,TxUI228,TxUI64769,17690,05-06-2014
txn_76,TxUI135327,TxUI122,97380,08-06-2014
txn_138,TxUI107286,TxUI185,20269,08-06-2014
txn_408,TxUI120,TxUI135389,58860,08-06-2014
txn_463,TxUI377H,TxUI1H,94400,08-06-2014
txn_137,TxUI114789,TxUI181,22349,10-06-2014
txn_461,TxUI1583H,TxUI1H,12710,13-06-2014
txn_462,TxUI95H,TxUI1H,85428,13-06-2014
txn_933,TxUI34851,TxUI265,311652,13-06-2014
txn_957,TxUI9633,TxUI284,153748,14-06-2014
txn_2354,TxUI565,TxUI4734,64210,14-06-2014
txn_910,TxUI17960,TxUI263,185040,15-06-2014
txn_2246,TxUI19875,TxUI599,80786,17-06-2014
txn_2371,TxUI529,TxUI19826,57972,17-06-2014
txn_2227,TxUI25013,TxUI518,34460,24-06-2014
txn_2356,TxUI555,TxUI25026,78308,24-06-2014
txn_460,TxUI804H,TxUI1H,32939,26-06-2014
txn_1406,TxUI5860,TxUI385,75204,26-06-2014
txn_956,TxUI26995,TxUI255,95752,02-07-2014
txn_2209,TxUI8517,TxUI532,140967,08-07-2014
txn_2341,TxUI585,TxUI8583,263409,08-07-2014
txn_53,TxUI188173,TxUI192,38162,10-07-2014
txn_2184,TxUI5848,TxUI561,281625,11-07-2014
txn_2221,TxUI759184,TxUI532,57894,16-07-2014
txn_2245,TxUI52891,TxUI532,74590,16-07-2014
txn_136,TxUI106570,TxUI160,98425,18-07-2014
txn_2243,TxUI22259,TxUI580,57064,20-07-2014
txn_2244,TxUI153541,TxUI520,39851,20-07-2014
txn_2370,TxUI566,TxUI153587,83741,20-07-2014
txn_2242,TxUI712634,TxUI593,17599,22-07-2014
txn_135,TxUI339236,TxUI196,32380,28-07-2014
txn_955,TxUI28180,TxUI279,58664,29-07-2014
txn_2188,TxUI15841,TxUI561,80685,02-08-2014
txn_2180,TxUI3139,TxUI571,505476,06-08-2014
txn_1,TxUI7188,TxUI430,884850,08-08-2014
txn_2207,TxUI3624,TxUI536,57687,08-08-2014
txn_995,TxUI5829,TxUI287,88264,09-08-2014
txn_2241,TxUI11057,TxUI521,186192,10-08-2014
txn_2306,TxUI14158,TxUI589,43257,10-08-2014
txn_2178,TxUI16335,TxUI566,247793,11-08-2014
txn_2202,TxUI5977,TxUI553,368316,11-08-2014
txn_2331,TxUI539,TxUI5971,82124,11-08-2014
txn_865,TxUI16448,TxUI232,788280,12-08-2014
txn_2452,TxUI565,TxUI751043,109630,14-08-2014
txn_2453,TxUI547,TxUI753245,279310,14-08-2014
txn_2454,TxUI561,TxUI752231,597220,14-08-2014
txn_2455,TxUI520,TxUI752339,469010,14-08-2014
txn_2456,TxUI597,TxUI33852,615320,14-08-2014
txn_2457,TxUI563,TxUI754495,708480,14-08-2014
txn_2224,TxUI8251,TxUI586,113268,16-08-2014
txn_2449,TxUI584,TxUI748072,381160,16-08-2014
txn_2450,TxUI562,TxUI233651,133950,16-08-2014
txn_2451,TxUI560,TxUI747983,609810,16-08-2014
txn_2447,TxUI527,TxUI41611,344270,18-08-2014
txn_2448,TxUI522,TxUI750386,314990,18-08-2014
txn_2460,TxUI564,TxUI744773,729670,18-08-2014
txn_2332,TxUI547,TxUI3676,69756,20-08-2014
txn_2206,TxUI34967,TxUI540,166416,23-08-2014
txn_74,TxUI157369,TxUI192,117178,25-08-2014
txn_406,TxUI114,TxUI157374,63038,25-08-2014
txn_989,TxUI138615,TxUI212,64924,27-08-2014
txn_399,TxUI185,TxUI35119,65446,30-08-2014
txn_1108,TxUI277,TxUI16525,52389,31-08-2014
txn_2445,TxUI519,TxUI757864,146040,03-09-2014
txn_2446,TxUI573,TxUI759147,167720,03-09-2014
txn_55,TxUI9631,TxUI156,144276,08-09-2014
txn_2223,TxUI12517,TxUI597,195486,11-09-2014
txn_134,TxUI190035,TxUI134,62070,22-09-2014
txn_459,TxUI3010H,TxUI89H,11055,26-09-2014
txn_12,TxUI89,TxUI256,275760,27-09-2014
txn_387,TxUI157,TxUI190185,264669,27-09-2014
txn_133,TxUI230511,TxUI147,49411,28-09-2014
txn_24,TxUI237,TxUI151,164520,29-09-2014
txn_1103,TxUI231,TxUI14577,144856,29-09-2014
txn_1253,TxUI253,TxUI1125,244160,29-09-2014
txn_1255,TxUI236,TxUI755288,297795,29-09-2014
txn_1261,TxUI213,TxUI760382,488570,29-09-2014
txn_932,TxUI728,TxUI279,153740,30-09-2014
txn_54,TxUI5880,TxUI185,54434,07-10-2014
txn_384,TxUI149,TxUI152022,101208,07-10-2014
txn_13,TxUI161,TxUI37,259170,15-10-2014
txn_458,TxUI160H,TxUI3010H,60964,15-10-2014
txn_988,TxUI100926,TxUI277,63617,26-10-2014
txn_9,TxUI377,TxUI1,457135,31-10-2014
txn_132,TxUI159050,TxUI196,51136,31-10-2014
txn_52,TxUI335538,TxUI147,194616,03-11-2014
txn_457,TxUI3134H,TxUI1H,10606,03-11-2014
txn_987,TxUI24965,TxUI276,42452,05-11-2014
txn_2175,TxUI1382,TxUI567,302272,07-11-2014
txn_902,TxUI37545,TxUI297,405356,12-11-2014
txn_26,TxUI4485,TxUI197,151824,13-11-2014
txn_388,TxUI185,TxUI4496,109929,13-11-2014
txn_456,TxUI430H,TxUI160H,47202,14-11-2014
txn_15,TxUI351,TxUI1,63705,19-11-2014
txn_2205,TxUI90455,TxUI561,270498,25-11-2014
txn_131,TxUI341435,TxUI184,32272,26-11-2014
txn_380,TxUI123,TxUI139293,383072,26-11-2014
txn_130,TxUI242785,TxUI157,75828,27-11-2014
txn_455,TxUI7188H,TxUI430H,33965,27-11-2014
txn_51,TxUI139221,TxUI123,134292,09-12-2014
txn_129,TxUI24939,TxUI120,24034,09-12-2014
txn_453,TxUI137,TxUI24961,88036,09-12-2014
txn_128,TxUI25092,TxUI110,36051,12-12-2014
txn_383,TxUI166,TxUI63759,72852,17-12-2014
txn_450,TxUI156,TxUI341832,43960,23-12-2014
txn_451,TxUI160,TxUI340284,83660,23-12-2014
txn_452,TxUI122,TxUI25066,40301,23-12-2014
txn_454,TxUI177,TxUI242769,44279,23-12-2014
txn_449,TxUI134,TxUI342114,62841,01-01-2015
txn_398,TxUI131,TxUI188133,94784,03-01-2015
txn_127,TxUI342279,TxUI129,45214,04-01-2015
txn_448,TxUI140,TxUI342260,92686,04-01-2015
txn_984,TxUI11430,TxUI280,64551,25-04-2015
